Running with RISCV=/home/chipyard_repro/chipyard/.conda-env/riscv-tools
mkdir -p /home/chipyard_repro/chipyard/sims/verilator/generated-src/chipyard.harness.TestHarness.Sha3RocketConfig
cp -f /home/chipyard_repro/chipyard/generators/testchipip/src/main/resources/testchipip/bootrom/bootrom.rv64.img /home/chipyard_repro/chipyard/sims/verilator/generated-src/chipyard.harness.TestHarness.Sha3RocketConfig/bootrom.rv64.img
cp -f /home/chipyard_repro/chipyard/generators/testchipip/src/main/resources/testchipip/bootrom/bootrom.rv32.img /home/chipyard_repro/chipyard/sims/verilator/generated-src/chipyard.harness.TestHarness.Sha3RocketConfig/bootrom.rv32.img
mkdir -p /home/chipyard_repro/chipyard/sims/verilator/generated-src/chipyard.harness.TestHarness.Sha3RocketConfig
(set -o pipefail && 	cd /home/chipyard_repro/chipyard && java -cp /home/chipyard_repro/chipyard/.classpath_cache/chipyard.jar chipyard.Generator  --target-dir /home/chipyard_repro/chipyard/sims/verilator/generated-src/chipyard.harness.TestHarness.Sha3RocketConfig --name chipyard.harness.TestHarness.Sha3RocketConfig --top-module chipyard.harness.TestHarness --legacy-configs chipyard:Sha3RocketConfig   | tee /home/chipyard_repro/chipyard/sims/verilator/generated-src/chipyard.harness.TestHarness.Sha3RocketConfig/chipyard.harness.TestHarness.Sha3RocketConfig.chisel.log)
L2 InclusiveCache Client Map:
	0 <= serial_tl_0
	1 <= SHA3
	2 <= Core 0 DCache
	3 <= Core 0 ICache

Msg Addr: CtrlModule.msg_addr: Reg[UInt<64>], Hash Addr: CtrlModule.hash_addr: Reg[UInt<64>]
Interrupt map (2 harts 1 interrupts):
  [1, 1] => uart_0

Clock sbus_0: using diplomatically specified frequency of 500.0.
Clock pbus_0: using diplomatically specified frequency of 500.0.
Clock fbus_0: using diplomatically specified frequency of 500.0.
Clock mbus_0: using diplomatically specified frequency of 500.0.
Clock cbus_0: using diplomatically specified frequency of 500.0.
/dts-v1/;

/ {
	#address-cells = <1>;
	#size-cells = <1>;
	compatible = "ucb-bar,chipyard-dev";
	model = "ucb-bar,chipyard";
	L28: aliases {
		serial0 = &L22;
	};
	L14: chosen {
		stdout-path = &L22;
	};
	L27: cpus {
		#address-cells = <1>;
		#size-cells = <0>;
		timebase-frequency = <1000000>;
		L9: cpu@0 {
			clock-frequency = <0>;
			compatible = "sifive,rocket0", "riscv";
			d-cache-block-size = <64>;
			d-cache-sets = <64>;
			d-cache-size = <16384>;
			d-tlb-sets = <1>;
			d-tlb-size = <32>;
			device_type = "cpu";
			hardware-exec-breakpoint-count = <1>;
			i-cache-block-size = <64>;
			i-cache-sets = <64>;
			i-cache-size = <16384>;
			i-tlb-sets = <1>;
			i-tlb-size = <32>;
			mmu-type = "riscv,sv39";
			next-level-cache = <&L6>;
			reg = <0x0>;
			riscv,isa = "rv64imafdczicsr_zifencei_zihpm_xrocket";
			riscv,pmpgranularity = <4>;
			riscv,pmpregions = <8>;
			status = "okay";
			timebase-frequency = <1000000>;
			tlb-split;
			L7: interrupt-controller {
				#interrupt-cells = <1>;
				compatible = "riscv,cpu-intc";
				interrupt-controller;
			};
		};
	};
	L29: htif {
		compatible = "ucb,htif0";
	};
	L21: memory@8000000 {
		device_type = "memory";
		reg = <0x8000000 0x10000>;
	};
	L17: memory@80000000 {
		device_type = "memory";
		reg = <0x80000000 0x10000000>;
	};
	L26: soc {
		#address-cells = <1>;
		#size-cells = <1>;
		compatible = "ucb-bar,chipyard-soc", "simple-bus";
		ranges;
		L20: boot-address-reg@1000 {
			reg = <0x1000 0x1000>;
			reg-names = "control";
		};
		L6: cache-controller@2010000 {
			cache-block-size = <64>;
			cache-level = <2>;
			cache-sets = <1024>;
			cache-size = <524288>;
			cache-unified;
			compatible = "sifive,inclusivecache0", "cache";
			next-level-cache = <&L17 &L21>;
			reg = <0x2010000 0x1000>;
			reg-names = "control";
			sifive,mshr-count = <7>;
		};
		L3: cbus_clock {
			#clock-cells = <0>;
			clock-frequency = <500000000>;
			clock-output-names = "cbus_clock";
			compatible = "fixed-clock";
		};
		L10: clint@2000000 {
			compatible = "riscv,clint0";
			interrupts-extended = <&L7 3 &L7 7>;
			reg = <0x2000000 0x10000>;
			reg-names = "control";
		};
		L23: clock-gater@100000 {
			reg = <0x100000 0x1000>;
			reg-names = "control";
		};
		L12: debug-controller@0 {
			compatible = "sifive,debug-013", "riscv,debug-013";
			debug-attach = "jtag";
			interrupts-extended = <&L7 65535>;
			reg = <0x0 0x1000>;
			reg-names = "control";
		};
		L4: error-device@3000 {
			compatible = "sifive,error0";
			reg = <0x3000 0x1000>;
		};
		L2: fbus_clock {
			#clock-cells = <0>;
			clock-frequency = <500000000>;
			clock-output-names = "fbus_clock";
			compatible = "fixed-clock";
		};
		L11: interrupt-controller@c000000 {
			#interrupt-cells = <1>;
			compatible = "riscv,plic0";
			interrupt-controller;
			interrupts-extended = <&L7 11 &L7 9>;
			reg = <0xc000000 0x4000000>;
			reg-names = "control";
			riscv,max-priority = <1>;
			riscv,ndev = <1>;
		};
		L5: mbus_clock {
			#clock-cells = <0>;
			clock-frequency = <500000000>;
			clock-output-names = "mbus_clock";
			compatible = "fixed-clock";
		};
		L1: pbus_clock {
			#clock-cells = <0>;
			clock-frequency = <500000000>;
			clock-output-names = "pbus_clock";
			compatible = "fixed-clock";
		};
		L19: rom@10000 {
			compatible = "sifive,rom0";
			reg = <0x10000 0x10000>;
			reg-names = "mem";
		};
		L0: sbus_clock {
			#clock-cells = <0>;
			clock-frequency = <500000000>;
			clock-output-names = "sbus_clock";
			compatible = "fixed-clock";
		};
		L22: serial@10020000 {
			clocks = <&L1>;
			compatible = "sifive,uart0";
			interrupt-parent = <&L11>;
			interrupts = <1>;
			reg = <0x10020000 0x1000>;
			reg-names = "control";
		};
		L24: tile-reset-setter@110000 {
			reg = <0x110000 0x1000>;
			reg-names = "control";
		};
	};
};

Generated Address Map
	       0 -     1000 ARWX  debug-controller@0
	    1000 -     2000 ARW   boot-address-reg@1000
	    3000 -     4000 ARWX  error-device@3000
	   10000 -    20000  R X  rom@10000
	  100000 -   101000 ARW   clock-gater@100000
	  110000 -   111000 ARW   tile-reset-setter@110000
	 2000000 -  2010000 ARW   clint@2000000
	 2010000 -  2011000 ARW   cache-controller@2010000
	 8000000 -  8010000 ARWXC memory@8000000
	 c000000 - 10000000 ARW   interrupt-controller@c000000
	10020000 - 10021000 ARW   serial@10020000
	80000000 - 90000000 ARWXC memory@80000000

IOCells generated by IOBinders:
  IOBinder for interface sifive.blocks.devices.uart.HasPeripheryUARTModuleImp generated:
    1 X GenericDigitalInIOCell
    1 X GenericDigitalOutIOCell
  IOBinder for interface testchipip.boot.CanHavePeripheryCustomBootPin generated:
    1 X GenericDigitalInIOCell
  IOBinder for interface freechips.rocketchip.devices.debug.HasPeripheryDebug generated:
    3 X GenericDigitalInIOCell
    1 X GenericDigitalOutIOCell
  IOBinder for interface chipyard.clocking.CanHaveClockTap generated:
    1 X GenericDigitalOutIOCell
  IOBinder for interface testchipip.serdes.CanHavePeripheryTLSerial generated:
    35 X GenericDigitalInIOCell
    34 X GenericDigitalOutIOCell

  Total generated 77 IOCells:
    40 X GenericDigitalInIOCell
    37 X GenericDigitalOutIOCell
Harness binder clock is 100.0
[[33mwarn[0m] generators/rocket-chip/src/main/scala/tilelink/Monitor.scala:658:26: Dynamic index with width 1 is too large for extractee of width 1
[[33mwarn[0m]       monAssert(!inflight(bundle.a.bits.source), "'A' channel re-used a source ID" + extra)
[[33mwarn[0m]                          ^
[[33mwarn[0m] generators/rocket-chip/src/main/scala/tilelink/Monitor.scala:682:25: Dynamic index with width 1 is too large for extractee of width 1
[[33mwarn[0m]       assume(((inflight)(bundle.d.bits.source)) || same_cycle_resp, "'D' channel acknowledged for nothing inflight" + extra)
[[33mwarn[0m]                         ^
[[33mwarn[0m] generators/rocket-chip/src/main/scala/tilelink/Monitor.scala:766:26: Dynamic index with width 1 is too large for extractee of width 1
[[33mwarn[0m]       monAssert(!inflight(bundle.c.bits.source), "'C' channel re-used a source ID" + extra)
[[33mwarn[0m]                          ^
[[33mwarn[0m] generators/rocket-chip/src/main/scala/tilelink/Monitor.scala:793:25: Dynamic index with width 1 is too large for extractee of width 1
[[33mwarn[0m]       assume(((inflight)(bundle.d.bits.source)) || same_cycle_resp, "'D' channel acknowledged for nothing inflight" + extra)
[[33mwarn[0m]                         ^
[[33mwarn[0m] generators/rocket-chip-inclusive-cache/design/craft/inclusivecache/src/SinkC.scala:160:43: Dynamic index with width 6 is too large for extractee of width 2
[[33mwarn[0m]     io.rel_pop.ready := putbuffer.io.valid(io.rel_pop.bits.index)
[[33mwarn[0m]                                           ^
[[33mwarn[0m] generators/rocket-chip/src/main/scala/rocket/ICache.scala:500:25: Dynamic index with width 7 is too small for extractee of width 256
[[33mwarn[0m]     val s1_vb = vb_array(Cat(i.U, s1_idx)) && !s1_slaveValid
[[33mwarn[0m]                         ^
[[33mwarn[0m] generators/rocket-chip/src/main/scala/rocket/CSR.scala:953:100: Dynamic index with width 8 is too large for extractee of width 64
[[33mwarn[0m]   val delegate = usingSupervisor.B && reg_mstatus.prv <= PRV.S.U && Mux(cause(xLen-1), read_mideleg(cause_lsbs), read_medeleg(cause_lsbs))
[[33mwarn[0m]                                                                                                    ^
[[33mwarn[0m] generators/rocket-chip/src/main/scala/rocket/CSR.scala:953:126: Dynamic index with width 8 is too large for extractee of width 64
[[33mwarn[0m]   val delegate = usingSupervisor.B && reg_mstatus.prv <= PRV.S.U && Mux(cause(xLen-1), read_mideleg(cause_lsbs), read_medeleg(cause_lsbs))
[[33mwarn[0m]                                                                                                                              ^
[[33mwarn[0m] generators/rocket-chip/src/main/scala/rocket/CSR.scala:954:80: Dynamic index with width 8 is too large for extractee of width 64
[[33mwarn[0m]   val delegateVS = reg_mstatus.v && delegate && Mux(cause(xLen-1), read_hideleg(cause_lsbs), read_hedeleg(cause_lsbs))
[[33mwarn[0m]                                                                                ^
[[33mwarn[0m] generators/rocket-chip/src/main/scala/rocket/CSR.scala:954:106: Dynamic index with width 8 is too large for extractee of width 64
[[33mwarn[0m]   val delegateVS = reg_mstatus.v && delegate && Mux(cause(xLen-1), read_hideleg(cause_lsbs), read_hedeleg(cause_lsbs))
[[33mwarn[0m]                                                                                                          ^
[[33mwarn[0m] generators/rocket-chip/src/main/scala/devices/debug/Debug.scala:1729:37: Dynamic index with width 1 is too large for extractee of width 1
[[33mwarn[0m]     val hartHalted   = haltedBitRegs(selectedHartReg)
[[33mwarn[0m]                                     ^
[[33mwarn[0m] There were [33m11 warning(s)[0m during hardware elaboration.
echo "$mfc_extra_anno_contents" > /home/chipyard_repro/chipyard/sims/verilator/generated-src/chipyard.harness.TestHarness.Sha3RocketConfig/chipyard.harness.TestHarness.Sha3RocketConfig.extrafirtool.anno.json
echo "$sfc_extra_low_transforms_anno_contents" > /home/chipyard_repro/chipyard/sims/verilator/generated-src/chipyard.harness.TestHarness.Sha3RocketConfig/chipyard.harness.TestHarness.Sha3RocketConfig.extrasfc.anno.json
jq -s '[.[][]]' /home/chipyard_repro/chipyard/sims/verilator/generated-src/chipyard.harness.TestHarness.Sha3RocketConfig/chipyard.harness.TestHarness.Sha3RocketConfig.anno.json /home/chipyard_repro/chipyard/sims/verilator/generated-src/chipyard.harness.TestHarness.Sha3RocketConfig/chipyard.harness.TestHarness.Sha3RocketConfig.extrafirtool.anno.json > /home/chipyard_repro/chipyard/sims/verilator/generated-src/chipyard.harness.TestHarness.Sha3RocketConfig/chipyard.harness.TestHarness.Sha3RocketConfig.extra.anno.json
echo  none > /home/chipyard_repro/chipyard/sims/verilator/generated-src/chipyard.harness.TestHarness.Sha3RocketConfig/.sfc_level
echo ""  > /home/chipyard_repro/chipyard/sims/verilator/generated-src/chipyard.harness.TestHarness.Sha3RocketConfig/.extra_firrtl_options
if [ none = low ]; then jq -s '[.[][]]' /home/chipyard_repro/chipyard/sims/verilator/generated-src/chipyard.harness.TestHarness.Sha3RocketConfig/chipyard.harness.TestHarness.Sha3RocketConfig.extra.anno.json /home/chipyard_repro/chipyard/sims/verilator/generated-src/chipyard.harness.TestHarness.Sha3RocketConfig/chipyard.harness.TestHarness.Sha3RocketConfig.extrasfc.anno.json > /home/chipyard_repro/chipyard/sims/verilator/generated-src/chipyard.harness.TestHarness.Sha3RocketConfig/chipyard.harness.TestHarness.Sha3RocketConfig.appended.anno.json; fi
if [ none = none ]; then cat /home/chipyard_repro/chipyard/sims/verilator/generated-src/chipyard.harness.TestHarness.Sha3RocketConfig/chipyard.harness.TestHarness.Sha3RocketConfig.extra.anno.json > /home/chipyard_repro/chipyard/sims/verilator/generated-src/chipyard.harness.TestHarness.Sha3RocketConfig/chipyard.harness.TestHarness.Sha3RocketConfig.appended.anno.json; fi
touch /home/chipyard_repro/chipyard/sims/verilator/generated-src/chipyard.harness.TestHarness.Sha3RocketConfig/chipyard.harness.TestHarness.Sha3RocketConfig.appended.anno.json
mkdir -p /home/chipyard_repro/chipyard/sims/verilator/generated-src/chipyard.harness.TestHarness.Sha3RocketConfig/
echo "emittedLineLength=2048,noAlwaysComb,disallowLocalVariables,verifLabels,locationInfoStyle=wrapInAtSquareBracket" > /home/chipyard_repro/chipyard/sims/verilator/generated-src/chipyard.harness.TestHarness.Sha3RocketConfig/.mfc_lowering_options
rm -rf /home/chipyard_repro/chipyard/sims/verilator/generated-src/chipyard.harness.TestHarness.Sha3RocketConfig/gen-collateral
cd /home/chipyard_repro/chipyard && java -cp /home/chipyard_repro/chipyard/.classpath_cache/tapeout.jar barstools.tapeout.transforms.GenerateModelStageMain  --no-dedup --output-file /home/chipyard_repro/chipyard/sims/verilator/generated-src/chipyard.harness.TestHarness.Sha3RocketConfig/chipyard.harness.TestHarness.Sha3RocketConfig.sfc --output-annotation-file /home/chipyard_repro/chipyard/sims/verilator/generated-src/chipyard.harness.TestHarness.Sha3RocketConfig/chipyard.harness.TestHarness.Sha3RocketConfig.sfc.anno.json --target-dir /home/chipyard_repro/chipyard/sims/verilator/generated-src/chipyard.harness.TestHarness.Sha3RocketConfig/gen-collateral --input-file /home/chipyard_repro/chipyard/sims/verilator/generated-src/chipyard.harness.TestHarness.Sha3RocketConfig/chipyard.harness.TestHarness.Sha3RocketConfig.fir --annotation-file /home/chipyard_repro/chipyard/sims/verilator/generated-src/chipyard.harness.TestHarness.Sha3RocketConfig/chipyard.harness.TestHarness.Sha3RocketConfig.appended.anno.json --log-level error --allow-unrecognized-annotations -X none 
mv /home/chipyard_repro/chipyard/sims/verilator/generated-src/chipyard.harness.TestHarness.Sha3RocketConfig/chipyard.harness.TestHarness.Sha3RocketConfig.sfc.lo.fir /home/chipyard_repro/chipyard/sims/verilator/generated-src/chipyard.harness.TestHarness.Sha3RocketConfig/chipyard.harness.TestHarness.Sha3RocketConfig.sfc.fir 2> /dev/null # Optionally change file type when SFC generates LowFIRRTL
firtool \
	--format=fir \
	--export-module-hierarchy \
	--verify-each=true \
	--warn-on-unprocessed-annotations \
	--disable-annotation-classless \
	--disable-annotation-unknown \
	--mlir-timing \
	--lowering-options=emittedLineLength=2048,noAlwaysComb,disallowLocalVariables,verifLabels,locationInfoStyle=wrapInAtSquareBracket \
	--repl-seq-mem \
	--repl-seq-mem-file=/home/chipyard_repro/chipyard/sims/verilator/generated-src/chipyard.harness.TestHarness.Sha3RocketConfig/chipyard.harness.TestHarness.Sha3RocketConfig.mems.conf \
	--annotation-file=/home/chipyard_repro/chipyard/sims/verilator/generated-src/chipyard.harness.TestHarness.Sha3RocketConfig/chipyard.harness.TestHarness.Sha3RocketConfig.sfc.anno.json \
	--split-verilog \
	-o /home/chipyard_repro/chipyard/sims/verilator/generated-src/chipyard.harness.TestHarness.Sha3RocketConfig/gen-collateral \
	/home/chipyard_repro/chipyard/sims/verilator/generated-src/chipyard.harness.TestHarness.Sha3RocketConfig/chipyard.harness.TestHarness.Sha3RocketConfig.sfc.fir
mv /home/chipyard_repro/chipyard/sims/verilator/generated-src/chipyard.harness.TestHarness.Sha3RocketConfig/chipyard.harness.TestHarness.Sha3RocketConfig.sfc.mems.conf /home/chipyard_repro/chipyard/sims/verilator/generated-src/chipyard.harness.TestHarness.Sha3RocketConfig/chipyard.harness.TestHarness.Sha3RocketConfig.mems.conf 2> /dev/null
sed -i 's/.*/& /' /home/chipyard_repro/chipyard/sims/verilator/generated-src/chipyard.harness.TestHarness.Sha3RocketConfig/chipyard.harness.TestHarness.Sha3RocketConfig.mems.conf # need trailing space for SFC macrocompiler
touch /home/chipyard_repro/chipyard/sims/verilator/generated-src/chipyard.harness.TestHarness.Sha3RocketConfig/gen-collateral/firrtl_black_box_resource_files.f # if there are no BB's then the file might not be generated, instead always generate it
/home/chipyard_repro/chipyard/scripts/uniquify-module-names.py \
	--model-hier-json /home/chipyard_repro/chipyard/sims/verilator/generated-src/chipyard.harness.TestHarness.Sha3RocketConfig/model_module_hierarchy.json \
	--top-hier-json /home/chipyard_repro/chipyard/sims/verilator/generated-src/chipyard.harness.TestHarness.Sha3RocketConfig/top_module_hierarchy.json \
	--in-all-filelist /home/chipyard_repro/chipyard/sims/verilator/generated-src/chipyard.harness.TestHarness.Sha3RocketConfig/gen-collateral/filelist.f \
	--dut ChipTop \
	--model TestHarness \
	--target-dir /home/chipyard_repro/chipyard/sims/verilator/generated-src/chipyard.harness.TestHarness.Sha3RocketConfig/gen-collateral \
	--out-dut-filelist /home/chipyard_repro/chipyard/sims/verilator/generated-src/chipyard.harness.TestHarness.Sha3RocketConfig/chipyard.harness.TestHarness.Sha3RocketConfig.top.f \
	--out-model-filelist /home/chipyard_repro/chipyard/sims/verilator/generated-src/chipyard.harness.TestHarness.Sha3RocketConfig/chipyard.harness.TestHarness.Sha3RocketConfig.model.f \
	--out-model-hier-json /home/chipyard_repro/chipyard/sims/verilator/generated-src/chipyard.harness.TestHarness.Sha3RocketConfig/model_module_hierarchy.uniquified.json \
	--gcpath /home/chipyard_repro/chipyard/sims/verilator/generated-src/chipyard.harness.TestHarness.Sha3RocketConfig/gen-collateral
sed -i 's/module\( \+\)plusarg_reader/module\1plusarg_reader_TestHarness_UNIQUIFIED/' /home/chipyard_repro/chipyard/sims/verilator/generated-src/chipyard.harness.TestHarness.Sha3RocketConfig/gen-collateral/plusarg_reader_TestHarness_UNIQUIFIED.v
sed -i 's/\( \*\)plusarg_reader\( \+\)/\1plusarg_reader_TestHarness_UNIQUIFIED\2/' /home/chipyard_repro/chipyard/sims/verilator/generated-src/chipyard.harness.TestHarness.Sha3RocketConfig/gen-collateral/TestHarness.sv
sed -i 's/module\( \+\)plusarg_reader/module\1plusarg_reader_TestHarness_UNIQUIFIED/' /home/chipyard_repro/chipyard/sims/verilator/generated-src/chipyard.harness.TestHarness.Sha3RocketConfig/gen-collateral/plusarg_reader_TestHarness_UNIQUIFIED.v
sed -i 's/module\( \+\)ResetCatchAndSync_d3/module\1ResetCatchAndSync_d3_TestHarness_UNIQUIFIED/' /home/chipyard_repro/chipyard/sims/verilator/generated-src/chipyard.harness.TestHarness.Sha3RocketConfig/gen-collateral/ResetCatchAndSync_d3_TestHarness_UNIQUIFIED.sv
sed -i 's/\( \*\)ResetCatchAndSync_d3\( \+\)/\1ResetCatchAndSync_d3_TestHarness_UNIQUIFIED\2/' /home/chipyard_repro/chipyard/sims/verilator/generated-src/chipyard.harness.TestHarness.Sha3RocketConfig/gen-collateral/TestHarness.sv
sed -i 's/module\( \+\)UARTRx/module\1UARTRx_TestHarness_UNIQUIFIED/' /home/chipyard_repro/chipyard/sims/verilator/generated-src/chipyard.harness.TestHarness.Sha3RocketConfig/gen-collateral/UARTRx_TestHarness_UNIQUIFIED.sv
sed -i 's/\( \*\)UARTRx\( \+\)/\1UARTRx_TestHarness_UNIQUIFIED\2/' /home/chipyard_repro/chipyard/sims/verilator/generated-src/chipyard.harness.TestHarness.Sha3RocketConfig/gen-collateral/UARTAdapter.sv
sed -i 's/module\( \+\)UARTTx/module\1UARTTx_TestHarness_UNIQUIFIED/' /home/chipyard_repro/chipyard/sims/verilator/generated-src/chipyard.harness.TestHarness.Sha3RocketConfig/gen-collateral/UARTTx_TestHarness_UNIQUIFIED.sv
sed -i 's/\( \*\)UARTTx\( \+\)/\1UARTTx_TestHarness_UNIQUIFIED\2/' /home/chipyard_repro/chipyard/sims/verilator/generated-src/chipyard.harness.TestHarness.Sha3RocketConfig/gen-collateral/UARTAdapter.sv
sed -i 's/module\( \+\)AsyncResetSynchronizerShiftReg_w1_d3_i0/module\1AsyncResetSynchronizerShiftReg_w1_d3_i0_TestHarness_UNIQUIFIED/' /home/chipyard_repro/chipyard/sims/verilator/generated-src/chipyard.harness.TestHarness.Sha3RocketConfig/gen-collateral/AsyncResetSynchronizerShiftReg_w1_d3_i0_TestHarness_UNIQUIFIED.sv
sed -i 's/\( \*\)AsyncResetSynchronizerShiftReg_w1_d3_i0\( \+\)/\1AsyncResetSynchronizerShiftReg_w1_d3_i0_TestHarness_UNIQUIFIED\2/' /home/chipyard_repro/chipyard/sims/verilator/generated-src/chipyard.harness.TestHarness.Sha3RocketConfig/gen-collateral/ResetCatchAndSync_d3_TestHarness_UNIQUIFIED.sv
sed -i 's/module\( \+\)plusarg_reader/module\1plusarg_reader_TestHarness_UNIQUIFIED/' /home/chipyard_repro/chipyard/sims/verilator/generated-src/chipyard.harness.TestHarness.Sha3RocketConfig/gen-collateral/plusarg_reader_TestHarness_UNIQUIFIED.v
sed -i 's/\( \*\)plusarg_reader\( \+\)/\1plusarg_reader_TestHarness_UNIQUIFIED\2/' /home/chipyard_repro/chipyard/sims/verilator/generated-src/chipyard.harness.TestHarness.Sha3RocketConfig/gen-collateral/UARTTx_TestHarness_UNIQUIFIED.sv
sed -i 's/module\( \+\)plusarg_reader/module\1plusarg_reader_TestHarness_UNIQUIFIED/' /home/chipyard_repro/chipyard/sims/verilator/generated-src/chipyard.harness.TestHarness.Sha3RocketConfig/gen-collateral/plusarg_reader_TestHarness_UNIQUIFIED.v
sed -i 's/module\( \+\)HellaPeekingArbiter/module\1HellaPeekingArbiter_TestHarness_UNIQUIFIED/' /home/chipyard_repro/chipyard/sims/verilator/generated-src/chipyard.harness.TestHarness.Sha3RocketConfig/gen-collateral/HellaPeekingArbiter_TestHarness_UNIQUIFIED.sv
sed -i 's/\( \*\)HellaPeekingArbiter\( \+\)/\1HellaPeekingArbiter_TestHarness_UNIQUIFIED\2/' /home/chipyard_repro/chipyard/sims/verilator/generated-src/chipyard.harness.TestHarness.Sha3RocketConfig/gen-collateral/TLSerdesser_1.sv
sed -i 's/module\( \+\)GenericSerializer/module\1GenericSerializer_TestHarness_UNIQUIFIED/' /home/chipyard_repro/chipyard/sims/verilator/generated-src/chipyard.harness.TestHarness.Sha3RocketConfig/gen-collateral/GenericSerializer_TestHarness_UNIQUIFIED.sv
sed -i 's/\( \*\)GenericSerializer\( \+\)/\1GenericSerializer_TestHarness_UNIQUIFIED\2/' /home/chipyard_repro/chipyard/sims/verilator/generated-src/chipyard.harness.TestHarness.Sha3RocketConfig/gen-collateral/TLSerdesser_1.sv
sed -i 's/module\( \+\)GenericDeserializer/module\1GenericDeserializer_TestHarness_UNIQUIFIED/' /home/chipyard_repro/chipyard/sims/verilator/generated-src/chipyard.harness.TestHarness.Sha3RocketConfig/gen-collateral/GenericDeserializer_TestHarness_UNIQUIFIED.sv
sed -i 's/\( \*\)GenericDeserializer\( \+\)/\1GenericDeserializer_TestHarness_UNIQUIFIED\2/' /home/chipyard_repro/chipyard/sims/verilator/generated-src/chipyard.harness.TestHarness.Sha3RocketConfig/gen-collateral/TLSerdesser_1.sv
sed -i 's/module\( \+\)Queue_57/module\1Queue_57_TestHarness_UNIQUIFIED/' /home/chipyard_repro/chipyard/sims/verilator/generated-src/chipyard.harness.TestHarness.Sha3RocketConfig/gen-collateral/Queue_57_TestHarness_UNIQUIFIED.sv
sed -i 's/\( \*\)Queue_57\( \+\)/\1Queue_57_TestHarness_UNIQUIFIED\2/' /home/chipyard_repro/chipyard/sims/verilator/generated-src/chipyard.harness.TestHarness.Sha3RocketConfig/gen-collateral/TLBuffer_20.sv
sed -i 's/module\( \+\)Queue_58/module\1Queue_58_TestHarness_UNIQUIFIED/' /home/chipyard_repro/chipyard/sims/verilator/generated-src/chipyard.harness.TestHarness.Sha3RocketConfig/gen-collateral/Queue_58_TestHarness_UNIQUIFIED.sv
sed -i 's/\( \*\)Queue_58\( \+\)/\1Queue_58_TestHarness_UNIQUIFIED\2/' /home/chipyard_repro/chipyard/sims/verilator/generated-src/chipyard.harness.TestHarness.Sha3RocketConfig/gen-collateral/TLBuffer_20.sv
sed -i 's/module\( \+\)AsyncResetSynchronizerPrimitiveShiftReg_d3_i0/module\1AsyncResetSynchronizerPrimitiveShiftReg_d3_i0_TestHarness_UNIQUIFIED/' /home/chipyard_repro/chipyard/sims/verilator/generated-src/chipyard.harness.TestHarness.Sha3RocketConfig/gen-collateral/AsyncResetSynchronizerPrimitiveShiftReg_d3_i0_TestHarness_UNIQUIFIED.sv
sed -i 's/\( \*\)AsyncResetSynchronizerPrimitiveShiftReg_d3_i0\( \+\)/\1AsyncResetSynchronizerPrimitiveShiftReg_d3_i0_TestHarness_UNIQUIFIED\2/' /home/chipyard_repro/chipyard/sims/verilator/generated-src/chipyard.harness.TestHarness.Sha3RocketConfig/gen-collateral/AsyncResetSynchronizerShiftReg_w1_d3_i0_TestHarness_UNIQUIFIED.sv
sed -i 's/module\( \+\)plusarg_reader/module\1plusarg_reader_TestHarness_UNIQUIFIED/' /home/chipyard_repro/chipyard/sims/verilator/generated-src/chipyard.harness.TestHarness.Sha3RocketConfig/gen-collateral/plusarg_reader_TestHarness_UNIQUIFIED.v
sed -i 's/\( \*\)plusarg_reader\( \+\)/\1plusarg_reader_TestHarness_UNIQUIFIED\2/' /home/chipyard_repro/chipyard/sims/verilator/generated-src/chipyard.harness.TestHarness.Sha3RocketConfig/gen-collateral/TLMonitor_64.sv
sed -i 's/module\( \+\)plusarg_reader/module\1plusarg_reader_TestHarness_UNIQUIFIED/' /home/chipyard_repro/chipyard/sims/verilator/generated-src/chipyard.harness.TestHarness.Sha3RocketConfig/gen-collateral/plusarg_reader_TestHarness_UNIQUIFIED.v
sed -i 's/module\( \+\)plusarg_reader/module\1plusarg_reader_TestHarness_UNIQUIFIED/' /home/chipyard_repro/chipyard/sims/verilator/generated-src/chipyard.harness.TestHarness.Sha3RocketConfig/gen-collateral/plusarg_reader_TestHarness_UNIQUIFIED.v
sed -i 's/\( \*\)plusarg_reader\( \+\)/\1plusarg_reader_TestHarness_UNIQUIFIED\2/' /home/chipyard_repro/chipyard/sims/verilator/generated-src/chipyard.harness.TestHarness.Sha3RocketConfig/gen-collateral/TLMonitor_65.sv
sed -i 's/module\( \+\)plusarg_reader/module\1plusarg_reader_TestHarness_UNIQUIFIED/' /home/chipyard_repro/chipyard/sims/verilator/generated-src/chipyard.harness.TestHarness.Sha3RocketConfig/gen-collateral/plusarg_reader_TestHarness_UNIQUIFIED.v
sed -i 's/module\( \+\)ram_2x116/module\1ram_2x116_TestHarness_UNIQUIFIED/' /home/chipyard_repro/chipyard/sims/verilator/generated-src/chipyard.harness.TestHarness.Sha3RocketConfig/gen-collateral/ram_2x116_TestHarness_UNIQUIFIED.sv
sed -i 's/\( \*\)ram_2x116\( \+\)/\1ram_2x116_TestHarness_UNIQUIFIED\2/' /home/chipyard_repro/chipyard/sims/verilator/generated-src/chipyard.harness.TestHarness.Sha3RocketConfig/gen-collateral/Queue_57_TestHarness_UNIQUIFIED.sv
sed -i 's/module\( \+\)ram_2x79/module\1ram_2x79_TestHarness_UNIQUIFIED/' /home/chipyard_repro/chipyard/sims/verilator/generated-src/chipyard.harness.TestHarness.Sha3RocketConfig/gen-collateral/ram_2x79_TestHarness_UNIQUIFIED.sv
sed -i 's/\( \*\)ram_2x79\( \+\)/\1ram_2x79_TestHarness_UNIQUIFIED\2/' /home/chipyard_repro/chipyard/sims/verilator/generated-src/chipyard.harness.TestHarness.Sha3RocketConfig/gen-collateral/Queue_58_TestHarness_UNIQUIFIED.sv
sed -e 's;^;/home/chipyard_repro/chipyard/sims/verilator/generated-src/chipyard.harness.TestHarness.Sha3RocketConfig/gen-collateral/;' /home/chipyard_repro/chipyard/sims/verilator/generated-src/chipyard.harness.TestHarness.Sha3RocketConfig/gen-collateral/firrtl_black_box_resource_files.f > /home/chipyard_repro/chipyard/sims/verilator/generated-src/chipyard.harness.TestHarness.Sha3RocketConfig/chipyard.harness.TestHarness.Sha3RocketConfig.bb.f
sed -i 's/\.\///' /home/chipyard_repro/chipyard/sims/verilator/generated-src/chipyard.harness.TestHarness.Sha3RocketConfig/chipyard.harness.TestHarness.Sha3RocketConfig.top.f
sed -i 's/\.\///' /home/chipyard_repro/chipyard/sims/verilator/generated-src/chipyard.harness.TestHarness.Sha3RocketConfig/chipyard.harness.TestHarness.Sha3RocketConfig.model.f
sed -i 's/\.\///' /home/chipyard_repro/chipyard/sims/verilator/generated-src/chipyard.harness.TestHarness.Sha3RocketConfig/chipyard.harness.TestHarness.Sha3RocketConfig.bb.f
sort -u /home/chipyard_repro/chipyard/sims/verilator/generated-src/chipyard.harness.TestHarness.Sha3RocketConfig/chipyard.harness.TestHarness.Sha3RocketConfig.top.f /home/chipyard_repro/chipyard/sims/verilator/generated-src/chipyard.harness.TestHarness.Sha3RocketConfig/chipyard.harness.TestHarness.Sha3RocketConfig.model.f /home/chipyard_repro/chipyard/sims/verilator/generated-src/chipyard.harness.TestHarness.Sha3RocketConfig/chipyard.harness.TestHarness.Sha3RocketConfig.bb.f > /home/chipyard_repro/chipyard/sims/verilator/generated-src/chipyard.harness.TestHarness.Sha3RocketConfig/chipyard.harness.TestHarness.Sha3RocketConfig.all.f
cp -f /home/chipyard_repro/chipyard/generators/rocket-chip/src/main/resources/vsrc/TestDriver.v /home/chipyard_repro/chipyard/sims/verilator/generated-src/chipyard.harness.TestHarness.Sha3RocketConfig/gen-collateral
echo "/home/chipyard_repro/chipyard/sims/verilator/generated-src/chipyard.harness.TestHarness.Sha3RocketConfig/gen-collateral/TestDriver.v" >> /home/chipyard_repro/chipyard/sims/verilator/generated-src/chipyard.harness.TestHarness.Sha3RocketConfig/sim_files.f;
/home/chipyard_repro/chipyard/scripts/split-mems-conf.py \
	--in-smems-conf /home/chipyard_repro/chipyard/sims/verilator/generated-src/chipyard.harness.TestHarness.Sha3RocketConfig/chipyard.harness.TestHarness.Sha3RocketConfig.mems.conf \
	--in-model-hrchy-json /home/chipyard_repro/chipyard/sims/verilator/generated-src/chipyard.harness.TestHarness.Sha3RocketConfig/model_module_hierarchy.uniquified.json \
	--dut-module-name ChipTop \
	--model-module-name TestHarness \
	--out-dut-smems-conf /home/chipyard_repro/chipyard/sims/verilator/generated-src/chipyard.harness.TestHarness.Sha3RocketConfig/chipyard.harness.TestHarness.Sha3RocketConfig.top.mems.conf \
	--out-model-smems-conf /home/chipyard_repro/chipyard/sims/verilator/generated-src/chipyard.harness.TestHarness.Sha3RocketConfig/chipyard.harness.TestHarness.Sha3RocketConfig.model.mems.conf
cd /home/chipyard_repro/chipyard && java -cp /home/chipyard_repro/chipyard/.classpath_cache/tapeout.jar barstools.macros.MacroCompiler -n /home/chipyard_repro/chipyard/sims/verilator/generated-src/chipyard.harness.TestHarness.Sha3RocketConfig/chipyard.harness.TestHarness.Sha3RocketConfig.top.mems.conf -v /home/chipyard_repro/chipyard/sims/verilator/generated-src/chipyard.harness.TestHarness.Sha3RocketConfig/gen-collateral/chipyard.harness.TestHarness.Sha3RocketConfig.top.mems.v -f /home/chipyard_repro/chipyard/sims/verilator/generated-src/chipyard.harness.TestHarness.Sha3RocketConfig/chipyard.harness.TestHarness.Sha3RocketConfig.top.mems.fir --mode synflops
cd /home/chipyard_repro/chipyard && java -cp /home/chipyard_repro/chipyard/.classpath_cache/tapeout.jar barstools.macros.MacroCompiler  -n /home/chipyard_repro/chipyard/sims/verilator/generated-src/chipyard.harness.TestHarness.Sha3RocketConfig/chipyard.harness.TestHarness.Sha3RocketConfig.model.mems.conf -v /home/chipyard_repro/chipyard/sims/verilator/generated-src/chipyard.harness.TestHarness.Sha3RocketConfig/gen-collateral/chipyard.harness.TestHarness.Sha3RocketConfig.model.mems.v -f /home/chipyard_repro/chipyard/sims/verilator/generated-src/chipyard.harness.TestHarness.Sha3RocketConfig/chipyard.harness.TestHarness.Sha3RocketConfig.model.mems.fir --mode synflops
sort -u /home/chipyard_repro/chipyard/sims/verilator/generated-src/chipyard.harness.TestHarness.Sha3RocketConfig/sim_files.f /home/chipyard_repro/chipyard/sims/verilator/generated-src/chipyard.harness.TestHarness.Sha3RocketConfig/chipyard.harness.TestHarness.Sha3RocketConfig.all.f | grep -v '.*\.\(svh\|h\)$' > /home/chipyard_repro/chipyard/sims/verilator/generated-src/chipyard.harness.TestHarness.Sha3RocketConfig/sim_files.common.f
echo "/home/chipyard_repro/chipyard/sims/verilator/generated-src/chipyard.harness.TestHarness.Sha3RocketConfig/gen-collateral/chipyard.harness.TestHarness.Sha3RocketConfig.top.mems.v" >> /home/chipyard_repro/chipyard/sims/verilator/generated-src/chipyard.harness.TestHarness.Sha3RocketConfig/sim_files.common.f
echo "/home/chipyard_repro/chipyard/sims/verilator/generated-src/chipyard.harness.TestHarness.Sha3RocketConfig/gen-collateral/chipyard.harness.TestHarness.Sha3RocketConfig.model.mems.v" >> /home/chipyard_repro/chipyard/sims/verilator/generated-src/chipyard.harness.TestHarness.Sha3RocketConfig/sim_files.common.f
rm -rf /home/chipyard_repro/chipyard/sims/verilator/generated-src/chipyard.harness.TestHarness.Sha3RocketConfig/chipyard.harness.TestHarness.Sha3RocketConfig
mkdir -p /home/chipyard_repro/chipyard/sims/verilator/generated-src/chipyard.harness.TestHarness.Sha3RocketConfig/chipyard.harness.TestHarness.Sha3RocketConfig
verilator --main --timing --cc --exe -CFLAGS " -O3 -std=c++17 -I/home/chipyard_repro/chipyard/.conda-env/riscv-tools/include -I/home/chipyard_repro/chipyard/tools/DRAMSim2 -I/home/chipyard_repro/chipyard/sims/verilator/generated-src/chipyard.harness.TestHarness.Sha3RocketConfig/gen-collateral   -DVERILATOR" -LDFLAGS " -L/home/chipyard_repro/chipyard/.conda-env/riscv-tools/lib -Wl,-rpath,/home/chipyard_repro/chipyard/.conda-env/riscv-tools/lib -L/home/chipyard_repro/chipyard/sims/verilator -L/home/chipyard_repro/chipyard/tools/DRAMSim2 -lriscv -lfesvr -ldramsim "   --threads 1 --threads-dpi all -O3 --x-assign fast --x-initial fast --output-split 10000 --output-split-cfuncs 100 --assert -Wno-fatal --timescale 1ns/1ps --max-num-width 1048576 +define+CLOCK_PERIOD=1.0 +define+RESET_DELAY=777.7 +define+PRINTF_COND=TestDriver.printf_cond +define+STOP_COND=!TestDriver.reset +define+MODEL=TestHarness +define+RANDOMIZE_MEM_INIT +define+RANDOMIZE_REG_INIT +define+RANDOMIZE_GARBAGE_ASSIGN +define+RANDOMIZE_INVALID_ASSIGN +define+VERILATOR --top-module TestDriver --vpi -f /home/chipyard_repro/chipyard/sims/verilator/generated-src/chipyard.harness.TestHarness.Sha3RocketConfig/sim_files.common.f  -o /home/chipyard_repro/chipyard/sims/verilator/simulator-chipyard.harness-Sha3RocketConfig -Mdir /home/chipyard_repro/chipyard/sims/verilator/generated-src/chipyard.harness.TestHarness.Sha3RocketConfig/chipyard.harness.TestHarness.Sha3RocketConfig
touch /home/chipyard_repro/chipyard/sims/verilator/generated-src/chipyard.harness.TestHarness.Sha3RocketConfig/chipyard.harness.TestHarness.Sha3RocketConfig/VTestDriver.mk
make VM_PARALLEL_BUILDS=1 -C /home/chipyard_repro/chipyard/sims/verilator/generated-src/chipyard.harness.TestHarness.Sha3RocketConfig/chipyard.harness.TestHarness.Sha3RocketConfig -f VTestDriver.mk
make[1]: Entering directory '/home/chipyard_repro/chipyard/sims/verilator/generated-src/chipyard.harness.TestHarness.Sha3RocketConfig/chipyard.harness.TestHarness.Sha3RocketConfig'
/home/chipyard_repro/chipyard/.conda-env/bin/x86_64-conda-linux-gnu-c++  -I.  -MMD -I/home/chipyard_repro/chipyard/.conda-env/share/verilator/include -I/home/chipyard_repro/chipyard/.conda-env/share/verilator/include/vltstd -DVM_COVERAGE=0 -DVM_SC=0 -DVM_TRACE=0 -DVM_TRACE_FST=0 -DVM_TRACE_VCD=0 -faligned-new -fcf-protection=none -Wno-bool-operation -Wno-overloaded-virtual -Wno-shadow -Wno-sign-compare -Wno-uninitialized -Wno-unused-but-set-parameter -Wno-unused-but-set-variable -Wno-unused-parameter -Wno-unused-variable     -O3 -std=c++17 -I/home/chipyard_repro/chipyard/.conda-env/riscv-tools/include -I/home/chipyard_repro/chipyard/tools/DRAMSim2 -I/home/chipyard_repro/chipyard/sims/verilator/generated-src/chipyard.harness.TestHarness.Sha3RocketConfig/gen-collateral   -DVERILATOR -DVL_TIME_CONTEXT   -fcoroutines -Os -c -o SimDRAM.o /home/chipyard_repro/chipyard/sims/verilator/generated-src/chipyard.harness.TestHarness.Sha3RocketConfig/gen-collateral/SimDRAM.cc
/home/chipyard_repro/chipyard/.conda-env/bin/x86_64-conda-linux-gnu-c++  -I.  -MMD -I/home/chipyard_repro/chipyard/.conda-env/share/verilator/include -I/home/chipyard_repro/chipyard/.conda-env/share/verilator/include/vltstd -DVM_COVERAGE=0 -DVM_SC=0 -DVM_TRACE=0 -DVM_TRACE_FST=0 -DVM_TRACE_VCD=0 -faligned-new -fcf-protection=none -Wno-bool-operation -Wno-overloaded-virtual -Wno-shadow -Wno-sign-compare -Wno-uninitialized -Wno-unused-but-set-parameter -Wno-unused-but-set-variable -Wno-unused-parameter -Wno-unused-variable     -O3 -std=c++17 -I/home/chipyard_repro/chipyard/.conda-env/riscv-tools/include -I/home/chipyard_repro/chipyard/tools/DRAMSim2 -I/home/chipyard_repro/chipyard/sims/verilator/generated-src/chipyard.harness.TestHarness.Sha3RocketConfig/gen-collateral   -DVERILATOR -DVL_TIME_CONTEXT   -fcoroutines -Os -c -o SimJTAG.o /home/chipyard_repro/chipyard/sims/verilator/generated-src/chipyard.harness.TestHarness.Sha3RocketConfig/gen-collateral/SimJTAG.cc
/home/chipyard_repro/chipyard/.conda-env/bin/x86_64-conda-linux-gnu-c++  -I.  -MMD -I/home/chipyard_repro/chipyard/.conda-env/share/verilator/include -I/home/chipyard_repro/chipyard/.conda-env/share/verilator/include/vltstd -DVM_COVERAGE=0 -DVM_SC=0 -DVM_TRACE=0 -DVM_TRACE_FST=0 -DVM_TRACE_VCD=0 -faligned-new -fcf-protection=none -Wno-bool-operation -Wno-overloaded-virtual -Wno-shadow -Wno-sign-compare -Wno-uninitialized -Wno-unused-but-set-parameter -Wno-unused-but-set-variable -Wno-unused-parameter -Wno-unused-variable     -O3 -std=c++17 -I/home/chipyard_repro/chipyard/.conda-env/riscv-tools/include -I/home/chipyard_repro/chipyard/tools/DRAMSim2 -I/home/chipyard_repro/chipyard/sims/verilator/generated-src/chipyard.harness.TestHarness.Sha3RocketConfig/gen-collateral   -DVERILATOR -DVL_TIME_CONTEXT   -fcoroutines -Os -c -o SimTSI.o /home/chipyard_repro/chipyard/sims/verilator/generated-src/chipyard.harness.TestHarness.Sha3RocketConfig/gen-collateral/SimTSI.cc
/home/chipyard_repro/chipyard/.conda-env/bin/x86_64-conda-linux-gnu-c++  -I.  -MMD -I/home/chipyard_repro/chipyard/.conda-env/share/verilator/include -I/home/chipyard_repro/chipyard/.conda-env/share/verilator/include/vltstd -DVM_COVERAGE=0 -DVM_SC=0 -DVM_TRACE=0 -DVM_TRACE_FST=0 -DVM_TRACE_VCD=0 -faligned-new -fcf-protection=none -Wno-bool-operation -Wno-overloaded-virtual -Wno-shadow -Wno-sign-compare -Wno-uninitialized -Wno-unused-but-set-parameter -Wno-unused-but-set-variable -Wno-unused-parameter -Wno-unused-variable     -O3 -std=c++17 -I/home/chipyard_repro/chipyard/.conda-env/riscv-tools/include -I/home/chipyard_repro/chipyard/tools/DRAMSim2 -I/home/chipyard_repro/chipyard/sims/verilator/generated-src/chipyard.harness.TestHarness.Sha3RocketConfig/gen-collateral   -DVERILATOR -DVL_TIME_CONTEXT   -fcoroutines -Os -c -o SimUART.o /home/chipyard_repro/chipyard/sims/verilator/generated-src/chipyard.harness.TestHarness.Sha3RocketConfig/gen-collateral/SimUART.cc
/home/chipyard_repro/chipyard/.conda-env/bin/x86_64-conda-linux-gnu-c++  -I.  -MMD -I/home/chipyard_repro/chipyard/.conda-env/share/verilator/include -I/home/chipyard_repro/chipyard/.conda-env/share/verilator/include/vltstd -DVM_COVERAGE=0 -DVM_SC=0 -DVM_TRACE=0 -DVM_TRACE_FST=0 -DVM_TRACE_VCD=0 -faligned-new -fcf-protection=none -Wno-bool-operation -Wno-overloaded-virtual -Wno-shadow -Wno-sign-compare -Wno-uninitialized -Wno-unused-but-set-parameter -Wno-unused-but-set-variable -Wno-unused-parameter -Wno-unused-variable     -O3 -std=c++17 -I/home/chipyard_repro/chipyard/.conda-env/riscv-tools/include -I/home/chipyard_repro/chipyard/tools/DRAMSim2 -I/home/chipyard_repro/chipyard/sims/verilator/generated-src/chipyard.harness.TestHarness.Sha3RocketConfig/gen-collateral   -DVERILATOR -DVL_TIME_CONTEXT   -fcoroutines -Os -c -o mm.o /home/chipyard_repro/chipyard/sims/verilator/generated-src/chipyard.harness.TestHarness.Sha3RocketConfig/gen-collateral/mm.cc
/home/chipyard_repro/chipyard/.conda-env/bin/x86_64-conda-linux-gnu-c++  -I.  -MMD -I/home/chipyard_repro/chipyard/.conda-env/share/verilator/include -I/home/chipyard_repro/chipyard/.conda-env/share/verilator/include/vltstd -DVM_COVERAGE=0 -DVM_SC=0 -DVM_TRACE=0 -DVM_TRACE_FST=0 -DVM_TRACE_VCD=0 -faligned-new -fcf-protection=none -Wno-bool-operation -Wno-overloaded-virtual -Wno-shadow -Wno-sign-compare -Wno-uninitialized -Wno-unused-but-set-parameter -Wno-unused-but-set-variable -Wno-unused-parameter -Wno-unused-variable     -O3 -std=c++17 -I/home/chipyard_repro/chipyard/.conda-env/riscv-tools/include -I/home/chipyard_repro/chipyard/tools/DRAMSim2 -I/home/chipyard_repro/chipyard/sims/verilator/generated-src/chipyard.harness.TestHarness.Sha3RocketConfig/gen-collateral   -DVERILATOR -DVL_TIME_CONTEXT   -fcoroutines -Os -c -o mm_dramsim2.o /home/chipyard_repro/chipyard/sims/verilator/generated-src/chipyard.harness.TestHarness.Sha3RocketConfig/gen-collateral/mm_dramsim2.cc
/home/chipyard_repro/chipyard/.conda-env/bin/x86_64-conda-linux-gnu-c++  -I.  -MMD -I/home/chipyard_repro/chipyard/.conda-env/share/verilator/include -I/home/chipyard_repro/chipyard/.conda-env/share/verilator/include/vltstd -DVM_COVERAGE=0 -DVM_SC=0 -DVM_TRACE=0 -DVM_TRACE_FST=0 -DVM_TRACE_VCD=0 -faligned-new -fcf-protection=none -Wno-bool-operation -Wno-overloaded-virtual -Wno-shadow -Wno-sign-compare -Wno-uninitialized -Wno-unused-but-set-parameter -Wno-unused-but-set-variable -Wno-unused-parameter -Wno-unused-variable     -O3 -std=c++17 -I/home/chipyard_repro/chipyard/.conda-env/riscv-tools/include -I/home/chipyard_repro/chipyard/tools/DRAMSim2 -I/home/chipyard_repro/chipyard/sims/verilator/generated-src/chipyard.harness.TestHarness.Sha3RocketConfig/gen-collateral   -DVERILATOR -DVL_TIME_CONTEXT   -fcoroutines -Os -c -o remote_bitbang.o /home/chipyard_repro/chipyard/sims/verilator/generated-src/chipyard.harness.TestHarness.Sha3RocketConfig/gen-collateral/remote_bitbang.cc
/home/chipyard_repro/chipyard/.conda-env/bin/x86_64-conda-linux-gnu-c++  -I.  -MMD -I/home/chipyard_repro/chipyard/.conda-env/share/verilator/include -I/home/chipyard_repro/chipyard/.conda-env/share/verilator/include/vltstd -DVM_COVERAGE=0 -DVM_SC=0 -DVM_TRACE=0 -DVM_TRACE_FST=0 -DVM_TRACE_VCD=0 -faligned-new -fcf-protection=none -Wno-bool-operation -Wno-overloaded-virtual -Wno-shadow -Wno-sign-compare -Wno-uninitialized -Wno-unused-but-set-parameter -Wno-unused-but-set-variable -Wno-unused-parameter -Wno-unused-variable     -O3 -std=c++17 -I/home/chipyard_repro/chipyard/.conda-env/riscv-tools/include -I/home/chipyard_repro/chipyard/tools/DRAMSim2 -I/home/chipyard_repro/chipyard/sims/verilator/generated-src/chipyard.harness.TestHarness.Sha3RocketConfig/gen-collateral   -DVERILATOR -DVL_TIME_CONTEXT   -fcoroutines -Os -c -o testchip_htif.o /home/chipyard_repro/chipyard/sims/verilator/generated-src/chipyard.harness.TestHarness.Sha3RocketConfig/gen-collateral/testchip_htif.cc
/home/chipyard_repro/chipyard/.conda-env/bin/x86_64-conda-linux-gnu-c++  -I.  -MMD -I/home/chipyard_repro/chipyard/.conda-env/share/verilator/include -I/home/chipyard_repro/chipyard/.conda-env/share/verilator/include/vltstd -DVM_COVERAGE=0 -DVM_SC=0 -DVM_TRACE=0 -DVM_TRACE_FST=0 -DVM_TRACE_VCD=0 -faligned-new -fcf-protection=none -Wno-bool-operation -Wno-overloaded-virtual -Wno-shadow -Wno-sign-compare -Wno-uninitialized -Wno-unused-but-set-parameter -Wno-unused-but-set-variable -Wno-unused-parameter -Wno-unused-variable     -O3 -std=c++17 -I/home/chipyard_repro/chipyard/.conda-env/riscv-tools/include -I/home/chipyard_repro/chipyard/tools/DRAMSim2 -I/home/chipyard_repro/chipyard/sims/verilator/generated-src/chipyard.harness.TestHarness.Sha3RocketConfig/gen-collateral   -DVERILATOR -DVL_TIME_CONTEXT   -fcoroutines -Os -c -o testchip_tsi.o /home/chipyard_repro/chipyard/sims/verilator/generated-src/chipyard.harness.TestHarness.Sha3RocketConfig/gen-collateral/testchip_tsi.cc
/home/chipyard_repro/chipyard/.conda-env/bin/x86_64-conda-linux-gnu-c++  -I.  -MMD -I/home/chipyard_repro/chipyard/.conda-env/share/verilator/include -I/home/chipyard_repro/chipyard/.conda-env/share/verilator/include/vltstd -DVM_COVERAGE=0 -DVM_SC=0 -DVM_TRACE=0 -DVM_TRACE_FST=0 -DVM_TRACE_VCD=0 -faligned-new -fcf-protection=none -Wno-bool-operation -Wno-overloaded-virtual -Wno-shadow -Wno-sign-compare -Wno-uninitialized -Wno-unused-but-set-parameter -Wno-unused-but-set-variable -Wno-unused-parameter -Wno-unused-variable     -O3 -std=c++17 -I/home/chipyard_repro/chipyard/.conda-env/riscv-tools/include -I/home/chipyard_repro/chipyard/tools/DRAMSim2 -I/home/chipyard_repro/chipyard/sims/verilator/generated-src/chipyard.harness.TestHarness.Sha3RocketConfig/gen-collateral   -DVERILATOR -DVL_TIME_CONTEXT   -fcoroutines -Os -c -o uart.o /home/chipyard_repro/chipyard/sims/verilator/generated-src/chipyard.harness.TestHarness.Sha3RocketConfig/gen-collateral/uart.cc
/home/chipyard_repro/chipyard/.conda-env/bin/x86_64-conda-linux-gnu-c++ -Os  -I.  -MMD -I/home/chipyard_repro/chipyard/.conda-env/share/verilator/include -I/home/chipyard_repro/chipyard/.conda-env/share/verilator/include/vltstd -DVM_COVERAGE=0 -DVM_SC=0 -DVM_TRACE=0 -DVM_TRACE_FST=0 -DVM_TRACE_VCD=0 -faligned-new -fcf-protection=none -Wno-bool-operation -Wno-overloaded-virtual -Wno-shadow -Wno-sign-compare -Wno-uninitialized -Wno-unused-but-set-parameter -Wno-unused-but-set-variable -Wno-unused-parameter -Wno-unused-variable     -O3 -std=c++17 -I/home/chipyard_repro/chipyard/.conda-env/riscv-tools/include -I/home/chipyard_repro/chipyard/tools/DRAMSim2 -I/home/chipyard_repro/chipyard/sims/verilator/generated-src/chipyard.harness.TestHarness.Sha3RocketConfig/gen-collateral   -DVERILATOR -DVL_TIME_CONTEXT   -fcoroutines -c -o verilated.o /home/chipyard_repro/chipyard/.conda-env/share/verilator/include/verilated.cpp
/home/chipyard_repro/chipyard/.conda-env/bin/x86_64-conda-linux-gnu-c++ -Os  -I.  -MMD -I/home/chipyard_repro/chipyard/.conda-env/share/verilator/include -I/home/chipyard_repro/chipyard/.conda-env/share/verilator/include/vltstd -DVM_COVERAGE=0 -DVM_SC=0 -DVM_TRACE=0 -DVM_TRACE_FST=0 -DVM_TRACE_VCD=0 -faligned-new -fcf-protection=none -Wno-bool-operation -Wno-overloaded-virtual -Wno-shadow -Wno-sign-compare -Wno-uninitialized -Wno-unused-but-set-parameter -Wno-unused-but-set-variable -Wno-unused-parameter -Wno-unused-variable     -O3 -std=c++17 -I/home/chipyard_repro/chipyard/.conda-env/riscv-tools/include -I/home/chipyard_repro/chipyard/tools/DRAMSim2 -I/home/chipyard_repro/chipyard/sims/verilator/generated-src/chipyard.harness.TestHarness.Sha3RocketConfig/gen-collateral   -DVERILATOR -DVL_TIME_CONTEXT   -fcoroutines -c -o verilated_dpi.o /home/chipyard_repro/chipyard/.conda-env/share/verilator/include/verilated_dpi.cpp
/home/chipyard_repro/chipyard/.conda-env/bin/x86_64-conda-linux-gnu-c++ -Os  -I.  -MMD -I/home/chipyard_repro/chipyard/.conda-env/share/verilator/include -I/home/chipyard_repro/chipyard/.conda-env/share/verilator/include/vltstd -DVM_COVERAGE=0 -DVM_SC=0 -DVM_TRACE=0 -DVM_TRACE_FST=0 -DVM_TRACE_VCD=0 -faligned-new -fcf-protection=none -Wno-bool-operation -Wno-overloaded-virtual -Wno-shadow -Wno-sign-compare -Wno-uninitialized -Wno-unused-but-set-parameter -Wno-unused-but-set-variable -Wno-unused-parameter -Wno-unused-variable     -O3 -std=c++17 -I/home/chipyard_repro/chipyard/.conda-env/riscv-tools/include -I/home/chipyard_repro/chipyard/tools/DRAMSim2 -I/home/chipyard_repro/chipyard/sims/verilator/generated-src/chipyard.harness.TestHarness.Sha3RocketConfig/gen-collateral   -DVERILATOR -DVL_TIME_CONTEXT   -fcoroutines -c -o verilated_vpi.o /home/chipyard_repro/chipyard/.conda-env/share/verilator/include/verilated_vpi.cpp
/home/chipyard_repro/chipyard/.conda-env/bin/x86_64-conda-linux-gnu-c++ -Os  -I.  -MMD -I/home/chipyard_repro/chipyard/.conda-env/share/verilator/include -I/home/chipyard_repro/chipyard/.conda-env/share/verilator/include/vltstd -DVM_COVERAGE=0 -DVM_SC=0 -DVM_TRACE=0 -DVM_TRACE_FST=0 -DVM_TRACE_VCD=0 -faligned-new -fcf-protection=none -Wno-bool-operation -Wno-overloaded-virtual -Wno-shadow -Wno-sign-compare -Wno-uninitialized -Wno-unused-but-set-parameter -Wno-unused-but-set-variable -Wno-unused-parameter -Wno-unused-variable     -O3 -std=c++17 -I/home/chipyard_repro/chipyard/.conda-env/riscv-tools/include -I/home/chipyard_repro/chipyard/tools/DRAMSim2 -I/home/chipyard_repro/chipyard/sims/verilator/generated-src/chipyard.harness.TestHarness.Sha3RocketConfig/gen-collateral   -DVERILATOR -DVL_TIME_CONTEXT   -fcoroutines -c -o verilated_timing.o /home/chipyard_repro/chipyard/.conda-env/share/verilator/include/verilated_timing.cpp
/home/chipyard_repro/chipyard/.conda-env/bin/x86_64-conda-linux-gnu-c++ -Os  -I.  -MMD -I/home/chipyard_repro/chipyard/.conda-env/share/verilator/include -I/home/chipyard_repro/chipyard/.conda-env/share/verilator/include/vltstd -DVM_COVERAGE=0 -DVM_SC=0 -DVM_TRACE=0 -DVM_TRACE_FST=0 -DVM_TRACE_VCD=0 -faligned-new -fcf-protection=none -Wno-bool-operation -Wno-overloaded-virtual -Wno-shadow -Wno-sign-compare -Wno-uninitialized -Wno-unused-but-set-parameter -Wno-unused-but-set-variable -Wno-unused-parameter -Wno-unused-variable     -O3 -std=c++17 -I/home/chipyard_repro/chipyard/.conda-env/riscv-tools/include -I/home/chipyard_repro/chipyard/tools/DRAMSim2 -I/home/chipyard_repro/chipyard/sims/verilator/generated-src/chipyard.harness.TestHarness.Sha3RocketConfig/gen-collateral   -DVERILATOR -DVL_TIME_CONTEXT   -fcoroutines -c -o verilated_threads.o /home/chipyard_repro/chipyard/.conda-env/share/verilator/include/verilated_threads.cpp
/home/chipyard_repro/chipyard/.conda-env/bin/x86_64-conda-linux-gnu-c++ -Os  -I.  -MMD -I/home/chipyard_repro/chipyard/.conda-env/share/verilator/include -I/home/chipyard_repro/chipyard/.conda-env/share/verilator/include/vltstd -DVM_COVERAGE=0 -DVM_SC=0 -DVM_TRACE=0 -DVM_TRACE_FST=0 -DVM_TRACE_VCD=0 -faligned-new -fcf-protection=none -Wno-bool-operation -Wno-overloaded-virtual -Wno-shadow -Wno-sign-compare -Wno-uninitialized -Wno-unused-but-set-parameter -Wno-unused-but-set-variable -Wno-unused-parameter -Wno-unused-variable     -O3 -std=c++17 -I/home/chipyard_repro/chipyard/.conda-env/riscv-tools/include -I/home/chipyard_repro/chipyard/tools/DRAMSim2 -I/home/chipyard_repro/chipyard/sims/verilator/generated-src/chipyard.harness.TestHarness.Sha3RocketConfig/gen-collateral   -DVERILATOR -DVL_TIME_CONTEXT   -fcoroutines -x c++-header VTestDriver__pch.h -o VTestDriver__pch.h.fast.gch
/home/chipyard_repro/chipyard/.conda-env/bin/x86_64-conda-linux-gnu-c++ -Os  -I.  -MMD -I/home/chipyard_repro/chipyard/.conda-env/share/verilator/include -I/home/chipyard_repro/chipyard/.conda-env/share/verilator/include/vltstd -DVM_COVERAGE=0 -DVM_SC=0 -DVM_TRACE=0 -DVM_TRACE_FST=0 -DVM_TRACE_VCD=0 -faligned-new -fcf-protection=none -Wno-bool-operation -Wno-overloaded-virtual -Wno-shadow -Wno-sign-compare -Wno-uninitialized -Wno-unused-but-set-parameter -Wno-unused-but-set-variable -Wno-unused-parameter -Wno-unused-variable     -O3 -std=c++17 -I/home/chipyard_repro/chipyard/.conda-env/riscv-tools/include -I/home/chipyard_repro/chipyard/tools/DRAMSim2 -I/home/chipyard_repro/chipyard/sims/verilator/generated-src/chipyard.harness.TestHarness.Sha3RocketConfig/gen-collateral   -DVERILATOR -DVL_TIME_CONTEXT   -fcoroutines -include VTestDriver__pch.h.fast -c -o VTestDriver.o VTestDriver.cpp
/home/chipyard_repro/chipyard/.conda-env/bin/x86_64-conda-linux-gnu-c++ -Os  -I.  -MMD -I/home/chipyard_repro/chipyard/.conda-env/share/verilator/include -I/home/chipyard_repro/chipyard/.conda-env/share/verilator/include/vltstd -DVM_COVERAGE=0 -DVM_SC=0 -DVM_TRACE=0 -DVM_TRACE_FST=0 -DVM_TRACE_VCD=0 -faligned-new -fcf-protection=none -Wno-bool-operation -Wno-overloaded-virtual -Wno-shadow -Wno-sign-compare -Wno-uninitialized -Wno-unused-but-set-parameter -Wno-unused-but-set-variable -Wno-unused-parameter -Wno-unused-variable     -O3 -std=c++17 -I/home/chipyard_repro/chipyard/.conda-env/riscv-tools/include -I/home/chipyard_repro/chipyard/tools/DRAMSim2 -I/home/chipyard_repro/chipyard/sims/verilator/generated-src/chipyard.harness.TestHarness.Sha3RocketConfig/gen-collateral   -DVERILATOR -DVL_TIME_CONTEXT   -fcoroutines -include VTestDriver__pch.h.fast -c -o VTestDriver___024root__DepSet_h662e1026__0.o VTestDriver___024root__DepSet_h662e1026__0.cpp
/home/chipyard_repro/chipyard/.conda-env/bin/x86_64-conda-linux-gnu-c++ -Os  -I.  -MMD -I/home/chipyard_repro/chipyard/.conda-env/share/verilator/include -I/home/chipyard_repro/chipyard/.conda-env/share/verilator/include/vltstd -DVM_COVERAGE=0 -DVM_SC=0 -DVM_TRACE=0 -DVM_TRACE_FST=0 -DVM_TRACE_VCD=0 -faligned-new -fcf-protection=none -Wno-bool-operation -Wno-overloaded-virtual -Wno-shadow -Wno-sign-compare -Wno-uninitialized -Wno-unused-but-set-parameter -Wno-unused-but-set-variable -Wno-unused-parameter -Wno-unused-variable     -O3 -std=c++17 -I/home/chipyard_repro/chipyard/.conda-env/riscv-tools/include -I/home/chipyard_repro/chipyard/tools/DRAMSim2 -I/home/chipyard_repro/chipyard/sims/verilator/generated-src/chipyard.harness.TestHarness.Sha3RocketConfig/gen-collateral   -DVERILATOR -DVL_TIME_CONTEXT   -fcoroutines -include VTestDriver__pch.h.fast -c -o VTestDriver___024root__DepSet_h662e1026__1.o VTestDriver___024root__DepSet_h662e1026__1.cpp
/home/chipyard_repro/chipyard/.conda-env/bin/x86_64-conda-linux-gnu-c++ -Os  -I.  -MMD -I/home/chipyard_repro/chipyard/.conda-env/share/verilator/include -I/home/chipyard_repro/chipyard/.conda-env/share/verilator/include/vltstd -DVM_COVERAGE=0 -DVM_SC=0 -DVM_TRACE=0 -DVM_TRACE_FST=0 -DVM_TRACE_VCD=0 -faligned-new -fcf-protection=none -Wno-bool-operation -Wno-overloaded-virtual -Wno-shadow -Wno-sign-compare -Wno-uninitialized -Wno-unused-but-set-parameter -Wno-unused-but-set-variable -Wno-unused-parameter -Wno-unused-variable     -O3 -std=c++17 -I/home/chipyard_repro/chipyard/.conda-env/riscv-tools/include -I/home/chipyard_repro/chipyard/tools/DRAMSim2 -I/home/chipyard_repro/chipyard/sims/verilator/generated-src/chipyard.harness.TestHarness.Sha3RocketConfig/gen-collateral   -DVERILATOR -DVL_TIME_CONTEXT   -fcoroutines -include VTestDriver__pch.h.fast -c -o VTestDriver___024root__DepSet_h662e1026__2.o VTestDriver___024root__DepSet_h662e1026__2.cpp
/home/chipyard_repro/chipyard/.conda-env/bin/x86_64-conda-linux-gnu-c++ -Os  -I.  -MMD -I/home/chipyard_repro/chipyard/.conda-env/share/verilator/include -I/home/chipyard_repro/chipyard/.conda-env/share/verilator/include/vltstd -DVM_COVERAGE=0 -DVM_SC=0 -DVM_TRACE=0 -DVM_TRACE_FST=0 -DVM_TRACE_VCD=0 -faligned-new -fcf-protection=none -Wno-bool-operation -Wno-overloaded-virtual -Wno-shadow -Wno-sign-compare -Wno-uninitialized -Wno-unused-but-set-parameter -Wno-unused-but-set-variable -Wno-unused-parameter -Wno-unused-variable     -O3 -std=c++17 -I/home/chipyard_repro/chipyard/.conda-env/riscv-tools/include -I/home/chipyard_repro/chipyard/tools/DRAMSim2 -I/home/chipyard_repro/chipyard/sims/verilator/generated-src/chipyard.harness.TestHarness.Sha3RocketConfig/gen-collateral   -DVERILATOR -DVL_TIME_CONTEXT   -fcoroutines -include VTestDriver__pch.h.fast -c -o VTestDriver___024root__DepSet_h662e1026__3.o VTestDriver___024root__DepSet_h662e1026__3.cpp
/home/chipyard_repro/chipyard/.conda-env/bin/x86_64-conda-linux-gnu-c++ -Os  -I.  -MMD -I/home/chipyard_repro/chipyard/.conda-env/share/verilator/include -I/home/chipyard_repro/chipyard/.conda-env/share/verilator/include/vltstd -DVM_COVERAGE=0 -DVM_SC=0 -DVM_TRACE=0 -DVM_TRACE_FST=0 -DVM_TRACE_VCD=0 -faligned-new -fcf-protection=none -Wno-bool-operation -Wno-overloaded-virtual -Wno-shadow -Wno-sign-compare -Wno-uninitialized -Wno-unused-but-set-parameter -Wno-unused-but-set-variable -Wno-unused-parameter -Wno-unused-variable     -O3 -std=c++17 -I/home/chipyard_repro/chipyard/.conda-env/riscv-tools/include -I/home/chipyard_repro/chipyard/tools/DRAMSim2 -I/home/chipyard_repro/chipyard/sims/verilator/generated-src/chipyard.harness.TestHarness.Sha3RocketConfig/gen-collateral   -DVERILATOR -DVL_TIME_CONTEXT   -fcoroutines -include VTestDriver__pch.h.fast -c -o VTestDriver___024root__DepSet_h662e1026__4.o VTestDriver___024root__DepSet_h662e1026__4.cpp
/home/chipyard_repro/chipyard/.conda-env/bin/x86_64-conda-linux-gnu-c++ -Os  -I.  -MMD -I/home/chipyard_repro/chipyard/.conda-env/share/verilator/include -I/home/chipyard_repro/chipyard/.conda-env/share/verilator/include/vltstd -DVM_COVERAGE=0 -DVM_SC=0 -DVM_TRACE=0 -DVM_TRACE_FST=0 -DVM_TRACE_VCD=0 -faligned-new -fcf-protection=none -Wno-bool-operation -Wno-overloaded-virtual -Wno-shadow -Wno-sign-compare -Wno-uninitialized -Wno-unused-but-set-parameter -Wno-unused-but-set-variable -Wno-unused-parameter -Wno-unused-variable     -O3 -std=c++17 -I/home/chipyard_repro/chipyard/.conda-env/riscv-tools/include -I/home/chipyard_repro/chipyard/tools/DRAMSim2 -I/home/chipyard_repro/chipyard/sims/verilator/generated-src/chipyard.harness.TestHarness.Sha3RocketConfig/gen-collateral   -DVERILATOR -DVL_TIME_CONTEXT   -fcoroutines -include VTestDriver__pch.h.fast -c -o VTestDriver___024root__DepSet_h662e1026__5.o VTestDriver___024root__DepSet_h662e1026__5.cpp
/home/chipyard_repro/chipyard/.conda-env/bin/x86_64-conda-linux-gnu-c++ -Os  -I.  -MMD -I/home/chipyard_repro/chipyard/.conda-env/share/verilator/include -I/home/chipyard_repro/chipyard/.conda-env/share/verilator/include/vltstd -DVM_COVERAGE=0 -DVM_SC=0 -DVM_TRACE=0 -DVM_TRACE_FST=0 -DVM_TRACE_VCD=0 -faligned-new -fcf-protection=none -Wno-bool-operation -Wno-overloaded-virtual -Wno-shadow -Wno-sign-compare -Wno-uninitialized -Wno-unused-but-set-parameter -Wno-unused-but-set-variable -Wno-unused-parameter -Wno-unused-variable     -O3 -std=c++17 -I/home/chipyard_repro/chipyard/.conda-env/riscv-tools/include -I/home/chipyard_repro/chipyard/tools/DRAMSim2 -I/home/chipyard_repro/chipyard/sims/verilator/generated-src/chipyard.harness.TestHarness.Sha3RocketConfig/gen-collateral   -DVERILATOR -DVL_TIME_CONTEXT   -fcoroutines -include VTestDriver__pch.h.fast -c -o VTestDriver___024root__DepSet_h662e1026__6.o VTestDriver___024root__DepSet_h662e1026__6.cpp
/home/chipyard_repro/chipyard/.conda-env/bin/x86_64-conda-linux-gnu-c++ -Os  -I.  -MMD -I/home/chipyard_repro/chipyard/.conda-env/share/verilator/include -I/home/chipyard_repro/chipyard/.conda-env/share/verilator/include/vltstd -DVM_COVERAGE=0 -DVM_SC=0 -DVM_TRACE=0 -DVM_TRACE_FST=0 -DVM_TRACE_VCD=0 -faligned-new -fcf-protection=none -Wno-bool-operation -Wno-overloaded-virtual -Wno-shadow -Wno-sign-compare -Wno-uninitialized -Wno-unused-but-set-parameter -Wno-unused-but-set-variable -Wno-unused-parameter -Wno-unused-variable     -O3 -std=c++17 -I/home/chipyard_repro/chipyard/.conda-env/riscv-tools/include -I/home/chipyard_repro/chipyard/tools/DRAMSim2 -I/home/chipyard_repro/chipyard/sims/verilator/generated-src/chipyard.harness.TestHarness.Sha3RocketConfig/gen-collateral   -DVERILATOR -DVL_TIME_CONTEXT   -fcoroutines -include VTestDriver__pch.h.fast -c -o VTestDriver___024root__DepSet_h662e1026__7.o VTestDriver___024root__DepSet_h662e1026__7.cpp
/home/chipyard_repro/chipyard/.conda-env/bin/x86_64-conda-linux-gnu-c++ -Os  -I.  -MMD -I/home/chipyard_repro/chipyard/.conda-env/share/verilator/include -I/home/chipyard_repro/chipyard/.conda-env/share/verilator/include/vltstd -DVM_COVERAGE=0 -DVM_SC=0 -DVM_TRACE=0 -DVM_TRACE_FST=0 -DVM_TRACE_VCD=0 -faligned-new -fcf-protection=none -Wno-bool-operation -Wno-overloaded-virtual -Wno-shadow -Wno-sign-compare -Wno-uninitialized -Wno-unused-but-set-parameter -Wno-unused-but-set-variable -Wno-unused-parameter -Wno-unused-variable     -O3 -std=c++17 -I/home/chipyard_repro/chipyard/.conda-env/riscv-tools/include -I/home/chipyard_repro/chipyard/tools/DRAMSim2 -I/home/chipyard_repro/chipyard/sims/verilator/generated-src/chipyard.harness.TestHarness.Sha3RocketConfig/gen-collateral   -DVERILATOR -DVL_TIME_CONTEXT   -fcoroutines -include VTestDriver__pch.h.fast -c -o VTestDriver___024root__DepSet_h662e1026__8.o VTestDriver___024root__DepSet_h662e1026__8.cpp
/home/chipyard_repro/chipyard/.conda-env/bin/x86_64-conda-linux-gnu-c++ -Os  -I.  -MMD -I/home/chipyard_repro/chipyard/.conda-env/share/verilator/include -I/home/chipyard_repro/chipyard/.conda-env/share/verilator/include/vltstd -DVM_COVERAGE=0 -DVM_SC=0 -DVM_TRACE=0 -DVM_TRACE_FST=0 -DVM_TRACE_VCD=0 -faligned-new -fcf-protection=none -Wno-bool-operation -Wno-overloaded-virtual -Wno-shadow -Wno-sign-compare -Wno-uninitialized -Wno-unused-but-set-parameter -Wno-unused-but-set-variable -Wno-unused-parameter -Wno-unused-variable     -O3 -std=c++17 -I/home/chipyard_repro/chipyard/.conda-env/riscv-tools/include -I/home/chipyard_repro/chipyard/tools/DRAMSim2 -I/home/chipyard_repro/chipyard/sims/verilator/generated-src/chipyard.harness.TestHarness.Sha3RocketConfig/gen-collateral   -DVERILATOR -DVL_TIME_CONTEXT   -fcoroutines -include VTestDriver__pch.h.fast -c -o VTestDriver___024root__DepSet_h662e1026__9.o VTestDriver___024root__DepSet_h662e1026__9.cpp
/home/chipyard_repro/chipyard/.conda-env/bin/x86_64-conda-linux-gnu-c++ -Os  -I.  -MMD -I/home/chipyard_repro/chipyard/.conda-env/share/verilator/include -I/home/chipyard_repro/chipyard/.conda-env/share/verilator/include/vltstd -DVM_COVERAGE=0 -DVM_SC=0 -DVM_TRACE=0 -DVM_TRACE_FST=0 -DVM_TRACE_VCD=0 -faligned-new -fcf-protection=none -Wno-bool-operation -Wno-overloaded-virtual -Wno-shadow -Wno-sign-compare -Wno-uninitialized -Wno-unused-but-set-parameter -Wno-unused-but-set-variable -Wno-unused-parameter -Wno-unused-variable     -O3 -std=c++17 -I/home/chipyard_repro/chipyard/.conda-env/riscv-tools/include -I/home/chipyard_repro/chipyard/tools/DRAMSim2 -I/home/chipyard_repro/chipyard/sims/verilator/generated-src/chipyard.harness.TestHarness.Sha3RocketConfig/gen-collateral   -DVERILATOR -DVL_TIME_CONTEXT   -fcoroutines -include VTestDriver__pch.h.fast -c -o VTestDriver___024root__DepSet_h662e1026__10.o VTestDriver___024root__DepSet_h662e1026__10.cpp
/home/chipyard_repro/chipyard/.conda-env/bin/x86_64-conda-linux-gnu-c++ -Os  -I.  -MMD -I/home/chipyard_repro/chipyard/.conda-env/share/verilator/include -I/home/chipyard_repro/chipyard/.conda-env/share/verilator/include/vltstd -DVM_COVERAGE=0 -DVM_SC=0 -DVM_TRACE=0 -DVM_TRACE_FST=0 -DVM_TRACE_VCD=0 -faligned-new -fcf-protection=none -Wno-bool-operation -Wno-overloaded-virtual -Wno-shadow -Wno-sign-compare -Wno-uninitialized -Wno-unused-but-set-parameter -Wno-unused-but-set-variable -Wno-unused-parameter -Wno-unused-variable     -O3 -std=c++17 -I/home/chipyard_repro/chipyard/.conda-env/riscv-tools/include -I/home/chipyard_repro/chipyard/tools/DRAMSim2 -I/home/chipyard_repro/chipyard/sims/verilator/generated-src/chipyard.harness.TestHarness.Sha3RocketConfig/gen-collateral   -DVERILATOR -DVL_TIME_CONTEXT   -fcoroutines -include VTestDriver__pch.h.fast -c -o VTestDriver___024root__DepSet_h662e1026__11.o VTestDriver___024root__DepSet_h662e1026__11.cpp
/home/chipyard_repro/chipyard/.conda-env/bin/x86_64-conda-linux-gnu-c++ -Os  -I.  -MMD -I/home/chipyard_repro/chipyard/.conda-env/share/verilator/include -I/home/chipyard_repro/chipyard/.conda-env/share/verilator/include/vltstd -DVM_COVERAGE=0 -DVM_SC=0 -DVM_TRACE=0 -DVM_TRACE_FST=0 -DVM_TRACE_VCD=0 -faligned-new -fcf-protection=none -Wno-bool-operation -Wno-overloaded-virtual -Wno-shadow -Wno-sign-compare -Wno-uninitialized -Wno-unused-but-set-parameter -Wno-unused-but-set-variable -Wno-unused-parameter -Wno-unused-variable     -O3 -std=c++17 -I/home/chipyard_repro/chipyard/.conda-env/riscv-tools/include -I/home/chipyard_repro/chipyard/tools/DRAMSim2 -I/home/chipyard_repro/chipyard/sims/verilator/generated-src/chipyard.harness.TestHarness.Sha3RocketConfig/gen-collateral   -DVERILATOR -DVL_TIME_CONTEXT   -fcoroutines -include VTestDriver__pch.h.fast -c -o VTestDriver___024root__DepSet_h662e1026__12.o VTestDriver___024root__DepSet_h662e1026__12.cpp
/home/chipyard_repro/chipyard/.conda-env/bin/x86_64-conda-linux-gnu-c++ -Os  -I.  -MMD -I/home/chipyard_repro/chipyard/.conda-env/share/verilator/include -I/home/chipyard_repro/chipyard/.conda-env/share/verilator/include/vltstd -DVM_COVERAGE=0 -DVM_SC=0 -DVM_TRACE=0 -DVM_TRACE_FST=0 -DVM_TRACE_VCD=0 -faligned-new -fcf-protection=none -Wno-bool-operation -Wno-overloaded-virtual -Wno-shadow -Wno-sign-compare -Wno-uninitialized -Wno-unused-but-set-parameter -Wno-unused-but-set-variable -Wno-unused-parameter -Wno-unused-variable     -O3 -std=c++17 -I/home/chipyard_repro/chipyard/.conda-env/riscv-tools/include -I/home/chipyard_repro/chipyard/tools/DRAMSim2 -I/home/chipyard_repro/chipyard/sims/verilator/generated-src/chipyard.harness.TestHarness.Sha3RocketConfig/gen-collateral   -DVERILATOR -DVL_TIME_CONTEXT   -fcoroutines -include VTestDriver__pch.h.fast -c -o VTestDriver___024root__DepSet_h662e1026__13.o VTestDriver___024root__DepSet_h662e1026__13.cpp
/home/chipyard_repro/chipyard/.conda-env/bin/x86_64-conda-linux-gnu-c++ -Os  -I.  -MMD -I/home/chipyard_repro/chipyard/.conda-env/share/verilator/include -I/home/chipyard_repro/chipyard/.conda-env/share/verilator/include/vltstd -DVM_COVERAGE=0 -DVM_SC=0 -DVM_TRACE=0 -DVM_TRACE_FST=0 -DVM_TRACE_VCD=0 -faligned-new -fcf-protection=none -Wno-bool-operation -Wno-overloaded-virtual -Wno-shadow -Wno-sign-compare -Wno-uninitialized -Wno-unused-but-set-parameter -Wno-unused-but-set-variable -Wno-unused-parameter -Wno-unused-variable     -O3 -std=c++17 -I/home/chipyard_repro/chipyard/.conda-env/riscv-tools/include -I/home/chipyard_repro/chipyard/tools/DRAMSim2 -I/home/chipyard_repro/chipyard/sims/verilator/generated-src/chipyard.harness.TestHarness.Sha3RocketConfig/gen-collateral   -DVERILATOR -DVL_TIME_CONTEXT   -fcoroutines -include VTestDriver__pch.h.fast -c -o VTestDriver___024root__DepSet_h662e1026__14.o VTestDriver___024root__DepSet_h662e1026__14.cpp
/home/chipyard_repro/chipyard/.conda-env/bin/x86_64-conda-linux-gnu-c++ -Os  -I.  -MMD -I/home/chipyard_repro/chipyard/.conda-env/share/verilator/include -I/home/chipyard_repro/chipyard/.conda-env/share/verilator/include/vltstd -DVM_COVERAGE=0 -DVM_SC=0 -DVM_TRACE=0 -DVM_TRACE_FST=0 -DVM_TRACE_VCD=0 -faligned-new -fcf-protection=none -Wno-bool-operation -Wno-overloaded-virtual -Wno-shadow -Wno-sign-compare -Wno-uninitialized -Wno-unused-but-set-parameter -Wno-unused-but-set-variable -Wno-unused-parameter -Wno-unused-variable     -O3 -std=c++17 -I/home/chipyard_repro/chipyard/.conda-env/riscv-tools/include -I/home/chipyard_repro/chipyard/tools/DRAMSim2 -I/home/chipyard_repro/chipyard/sims/verilator/generated-src/chipyard.harness.TestHarness.Sha3RocketConfig/gen-collateral   -DVERILATOR -DVL_TIME_CONTEXT   -fcoroutines -include VTestDriver__pch.h.fast -c -o VTestDriver___024root__DepSet_h662e1026__15.o VTestDriver___024root__DepSet_h662e1026__15.cpp
/home/chipyard_repro/chipyard/.conda-env/bin/x86_64-conda-linux-gnu-c++ -Os  -I.  -MMD -I/home/chipyard_repro/chipyard/.conda-env/share/verilator/include -I/home/chipyard_repro/chipyard/.conda-env/share/verilator/include/vltstd -DVM_COVERAGE=0 -DVM_SC=0 -DVM_TRACE=0 -DVM_TRACE_FST=0 -DVM_TRACE_VCD=0 -faligned-new -fcf-protection=none -Wno-bool-operation -Wno-overloaded-virtual -Wno-shadow -Wno-sign-compare -Wno-uninitialized -Wno-unused-but-set-parameter -Wno-unused-but-set-variable -Wno-unused-parameter -Wno-unused-variable     -O3 -std=c++17 -I/home/chipyard_repro/chipyard/.conda-env/riscv-tools/include -I/home/chipyard_repro/chipyard/tools/DRAMSim2 -I/home/chipyard_repro/chipyard/sims/verilator/generated-src/chipyard.harness.TestHarness.Sha3RocketConfig/gen-collateral   -DVERILATOR -DVL_TIME_CONTEXT   -fcoroutines -include VTestDriver__pch.h.fast -c -o VTestDriver___024root__DepSet_h662e1026__16.o VTestDriver___024root__DepSet_h662e1026__16.cpp
/home/chipyard_repro/chipyard/.conda-env/bin/x86_64-conda-linux-gnu-c++ -Os  -I.  -MMD -I/home/chipyard_repro/chipyard/.conda-env/share/verilator/include -I/home/chipyard_repro/chipyard/.conda-env/share/verilator/include/vltstd -DVM_COVERAGE=0 -DVM_SC=0 -DVM_TRACE=0 -DVM_TRACE_FST=0 -DVM_TRACE_VCD=0 -faligned-new -fcf-protection=none -Wno-bool-operation -Wno-overloaded-virtual -Wno-shadow -Wno-sign-compare -Wno-uninitialized -Wno-unused-but-set-parameter -Wno-unused-but-set-variable -Wno-unused-parameter -Wno-unused-variable     -O3 -std=c++17 -I/home/chipyard_repro/chipyard/.conda-env/riscv-tools/include -I/home/chipyard_repro/chipyard/tools/DRAMSim2 -I/home/chipyard_repro/chipyard/sims/verilator/generated-src/chipyard.harness.TestHarness.Sha3RocketConfig/gen-collateral   -DVERILATOR -DVL_TIME_CONTEXT   -fcoroutines -include VTestDriver__pch.h.fast -c -o VTestDriver___024root__DepSet_h662e1026__17.o VTestDriver___024root__DepSet_h662e1026__17.cpp
/home/chipyard_repro/chipyard/.conda-env/bin/x86_64-conda-linux-gnu-c++ -Os  -I.  -MMD -I/home/chipyard_repro/chipyard/.conda-env/share/verilator/include -I/home/chipyard_repro/chipyard/.conda-env/share/verilator/include/vltstd -DVM_COVERAGE=0 -DVM_SC=0 -DVM_TRACE=0 -DVM_TRACE_FST=0 -DVM_TRACE_VCD=0 -faligned-new -fcf-protection=none -Wno-bool-operation -Wno-overloaded-virtual -Wno-shadow -Wno-sign-compare -Wno-uninitialized -Wno-unused-but-set-parameter -Wno-unused-but-set-variable -Wno-unused-parameter -Wno-unused-variable     -O3 -std=c++17 -I/home/chipyard_repro/chipyard/.conda-env/riscv-tools/include -I/home/chipyard_repro/chipyard/tools/DRAMSim2 -I/home/chipyard_repro/chipyard/sims/verilator/generated-src/chipyard.harness.TestHarness.Sha3RocketConfig/gen-collateral   -DVERILATOR -DVL_TIME_CONTEXT   -fcoroutines -include VTestDriver__pch.h.fast -c -o VTestDriver___024root__DepSet_h662e1026__18.o VTestDriver___024root__DepSet_h662e1026__18.cpp
/home/chipyard_repro/chipyard/.conda-env/bin/x86_64-conda-linux-gnu-c++ -Os  -I.  -MMD -I/home/chipyard_repro/chipyard/.conda-env/share/verilator/include -I/home/chipyard_repro/chipyard/.conda-env/share/verilator/include/vltstd -DVM_COVERAGE=0 -DVM_SC=0 -DVM_TRACE=0 -DVM_TRACE_FST=0 -DVM_TRACE_VCD=0 -faligned-new -fcf-protection=none -Wno-bool-operation -Wno-overloaded-virtual -Wno-shadow -Wno-sign-compare -Wno-uninitialized -Wno-unused-but-set-parameter -Wno-unused-but-set-variable -Wno-unused-parameter -Wno-unused-variable     -O3 -std=c++17 -I/home/chipyard_repro/chipyard/.conda-env/riscv-tools/include -I/home/chipyard_repro/chipyard/tools/DRAMSim2 -I/home/chipyard_repro/chipyard/sims/verilator/generated-src/chipyard.harness.TestHarness.Sha3RocketConfig/gen-collateral   -DVERILATOR -DVL_TIME_CONTEXT   -fcoroutines -include VTestDriver__pch.h.fast -c -o VTestDriver___024root__DepSet_h662e1026__19.o VTestDriver___024root__DepSet_h662e1026__19.cpp
/home/chipyard_repro/chipyard/.conda-env/bin/x86_64-conda-linux-gnu-c++ -Os  -I.  -MMD -I/home/chipyard_repro/chipyard/.conda-env/share/verilator/include -I/home/chipyard_repro/chipyard/.conda-env/share/verilator/include/vltstd -DVM_COVERAGE=0 -DVM_SC=0 -DVM_TRACE=0 -DVM_TRACE_FST=0 -DVM_TRACE_VCD=0 -faligned-new -fcf-protection=none -Wno-bool-operation -Wno-overloaded-virtual -Wno-shadow -Wno-sign-compare -Wno-uninitialized -Wno-unused-but-set-parameter -Wno-unused-but-set-variable -Wno-unused-parameter -Wno-unused-variable     -O3 -std=c++17 -I/home/chipyard_repro/chipyard/.conda-env/riscv-tools/include -I/home/chipyard_repro/chipyard/tools/DRAMSim2 -I/home/chipyard_repro/chipyard/sims/verilator/generated-src/chipyard.harness.TestHarness.Sha3RocketConfig/gen-collateral   -DVERILATOR -DVL_TIME_CONTEXT   -fcoroutines -include VTestDriver__pch.h.fast -c -o VTestDriver___024root__DepSet_h662e1026__20.o VTestDriver___024root__DepSet_h662e1026__20.cpp
/home/chipyard_repro/chipyard/.conda-env/bin/x86_64-conda-linux-gnu-c++ -Os  -I.  -MMD -I/home/chipyard_repro/chipyard/.conda-env/share/verilator/include -I/home/chipyard_repro/chipyard/.conda-env/share/verilator/include/vltstd -DVM_COVERAGE=0 -DVM_SC=0 -DVM_TRACE=0 -DVM_TRACE_FST=0 -DVM_TRACE_VCD=0 -faligned-new -fcf-protection=none -Wno-bool-operation -Wno-overloaded-virtual -Wno-shadow -Wno-sign-compare -Wno-uninitialized -Wno-unused-but-set-parameter -Wno-unused-but-set-variable -Wno-unused-parameter -Wno-unused-variable     -O3 -std=c++17 -I/home/chipyard_repro/chipyard/.conda-env/riscv-tools/include -I/home/chipyard_repro/chipyard/tools/DRAMSim2 -I/home/chipyard_repro/chipyard/sims/verilator/generated-src/chipyard.harness.TestHarness.Sha3RocketConfig/gen-collateral   -DVERILATOR -DVL_TIME_CONTEXT   -fcoroutines -include VTestDriver__pch.h.fast -c -o VTestDriver___024root__DepSet_h662e1026__21.o VTestDriver___024root__DepSet_h662e1026__21.cpp
/home/chipyard_repro/chipyard/.conda-env/bin/x86_64-conda-linux-gnu-c++ -Os  -I.  -MMD -I/home/chipyard_repro/chipyard/.conda-env/share/verilator/include -I/home/chipyard_repro/chipyard/.conda-env/share/verilator/include/vltstd -DVM_COVERAGE=0 -DVM_SC=0 -DVM_TRACE=0 -DVM_TRACE_FST=0 -DVM_TRACE_VCD=0 -faligned-new -fcf-protection=none -Wno-bool-operation -Wno-overloaded-virtual -Wno-shadow -Wno-sign-compare -Wno-uninitialized -Wno-unused-but-set-parameter -Wno-unused-but-set-variable -Wno-unused-parameter -Wno-unused-variable     -O3 -std=c++17 -I/home/chipyard_repro/chipyard/.conda-env/riscv-tools/include -I/home/chipyard_repro/chipyard/tools/DRAMSim2 -I/home/chipyard_repro/chipyard/sims/verilator/generated-src/chipyard.harness.TestHarness.Sha3RocketConfig/gen-collateral   -DVERILATOR -DVL_TIME_CONTEXT   -fcoroutines -include VTestDriver__pch.h.fast -c -o VTestDriver___024root__DepSet_h662e1026__22.o VTestDriver___024root__DepSet_h662e1026__22.cpp
/home/chipyard_repro/chipyard/.conda-env/bin/x86_64-conda-linux-gnu-c++ -Os  -I.  -MMD -I/home/chipyard_repro/chipyard/.conda-env/share/verilator/include -I/home/chipyard_repro/chipyard/.conda-env/share/verilator/include/vltstd -DVM_COVERAGE=0 -DVM_SC=0 -DVM_TRACE=0 -DVM_TRACE_FST=0 -DVM_TRACE_VCD=0 -faligned-new -fcf-protection=none -Wno-bool-operation -Wno-overloaded-virtual -Wno-shadow -Wno-sign-compare -Wno-uninitialized -Wno-unused-but-set-parameter -Wno-unused-but-set-variable -Wno-unused-parameter -Wno-unused-variable     -O3 -std=c++17 -I/home/chipyard_repro/chipyard/.conda-env/riscv-tools/include -I/home/chipyard_repro/chipyard/tools/DRAMSim2 -I/home/chipyard_repro/chipyard/sims/verilator/generated-src/chipyard.harness.TestHarness.Sha3RocketConfig/gen-collateral   -DVERILATOR -DVL_TIME_CONTEXT   -fcoroutines -include VTestDriver__pch.h.fast -c -o VTestDriver___024root__DepSet_h662e1026__23.o VTestDriver___024root__DepSet_h662e1026__23.cpp
/home/chipyard_repro/chipyard/.conda-env/bin/x86_64-conda-linux-gnu-c++ -Os  -I.  -MMD -I/home/chipyard_repro/chipyard/.conda-env/share/verilator/include -I/home/chipyard_repro/chipyard/.conda-env/share/verilator/include/vltstd -DVM_COVERAGE=0 -DVM_SC=0 -DVM_TRACE=0 -DVM_TRACE_FST=0 -DVM_TRACE_VCD=0 -faligned-new -fcf-protection=none -Wno-bool-operation -Wno-overloaded-virtual -Wno-shadow -Wno-sign-compare -Wno-uninitialized -Wno-unused-but-set-parameter -Wno-unused-but-set-variable -Wno-unused-parameter -Wno-unused-variable     -O3 -std=c++17 -I/home/chipyard_repro/chipyard/.conda-env/riscv-tools/include -I/home/chipyard_repro/chipyard/tools/DRAMSim2 -I/home/chipyard_repro/chipyard/sims/verilator/generated-src/chipyard.harness.TestHarness.Sha3RocketConfig/gen-collateral   -DVERILATOR -DVL_TIME_CONTEXT   -fcoroutines -include VTestDriver__pch.h.fast -c -o VTestDriver___024root__DepSet_h662e1026__24.o VTestDriver___024root__DepSet_h662e1026__24.cpp
/home/chipyard_repro/chipyard/.conda-env/bin/x86_64-conda-linux-gnu-c++ -Os  -I.  -MMD -I/home/chipyard_repro/chipyard/.conda-env/share/verilator/include -I/home/chipyard_repro/chipyard/.conda-env/share/verilator/include/vltstd -DVM_COVERAGE=0 -DVM_SC=0 -DVM_TRACE=0 -DVM_TRACE_FST=0 -DVM_TRACE_VCD=0 -faligned-new -fcf-protection=none -Wno-bool-operation -Wno-overloaded-virtual -Wno-shadow -Wno-sign-compare -Wno-uninitialized -Wno-unused-but-set-parameter -Wno-unused-but-set-variable -Wno-unused-parameter -Wno-unused-variable     -O3 -std=c++17 -I/home/chipyard_repro/chipyard/.conda-env/riscv-tools/include -I/home/chipyard_repro/chipyard/tools/DRAMSim2 -I/home/chipyard_repro/chipyard/sims/verilator/generated-src/chipyard.harness.TestHarness.Sha3RocketConfig/gen-collateral   -DVERILATOR -DVL_TIME_CONTEXT   -fcoroutines -include VTestDriver__pch.h.fast -c -o VTestDriver___024root__DepSet_h662e1026__25.o VTestDriver___024root__DepSet_h662e1026__25.cpp
/home/chipyard_repro/chipyard/.conda-env/bin/x86_64-conda-linux-gnu-c++ -Os  -I.  -MMD -I/home/chipyard_repro/chipyard/.conda-env/share/verilator/include -I/home/chipyard_repro/chipyard/.conda-env/share/verilator/include/vltstd -DVM_COVERAGE=0 -DVM_SC=0 -DVM_TRACE=0 -DVM_TRACE_FST=0 -DVM_TRACE_VCD=0 -faligned-new -fcf-protection=none -Wno-bool-operation -Wno-overloaded-virtual -Wno-shadow -Wno-sign-compare -Wno-uninitialized -Wno-unused-but-set-parameter -Wno-unused-but-set-variable -Wno-unused-parameter -Wno-unused-variable     -O3 -std=c++17 -I/home/chipyard_repro/chipyard/.conda-env/riscv-tools/include -I/home/chipyard_repro/chipyard/tools/DRAMSim2 -I/home/chipyard_repro/chipyard/sims/verilator/generated-src/chipyard.harness.TestHarness.Sha3RocketConfig/gen-collateral   -DVERILATOR -DVL_TIME_CONTEXT   -fcoroutines -include VTestDriver__pch.h.fast -c -o VTestDriver___024root__DepSet_h662e1026__26.o VTestDriver___024root__DepSet_h662e1026__26.cpp
/home/chipyard_repro/chipyard/.conda-env/bin/x86_64-conda-linux-gnu-c++ -Os  -I.  -MMD -I/home/chipyard_repro/chipyard/.conda-env/share/verilator/include -I/home/chipyard_repro/chipyard/.conda-env/share/verilator/include/vltstd -DVM_COVERAGE=0 -DVM_SC=0 -DVM_TRACE=0 -DVM_TRACE_FST=0 -DVM_TRACE_VCD=0 -faligned-new -fcf-protection=none -Wno-bool-operation -Wno-overloaded-virtual -Wno-shadow -Wno-sign-compare -Wno-uninitialized -Wno-unused-but-set-parameter -Wno-unused-but-set-variable -Wno-unused-parameter -Wno-unused-variable     -O3 -std=c++17 -I/home/chipyard_repro/chipyard/.conda-env/riscv-tools/include -I/home/chipyard_repro/chipyard/tools/DRAMSim2 -I/home/chipyard_repro/chipyard/sims/verilator/generated-src/chipyard.harness.TestHarness.Sha3RocketConfig/gen-collateral   -DVERILATOR -DVL_TIME_CONTEXT   -fcoroutines -include VTestDriver__pch.h.fast -c -o VTestDriver___024root__DepSet_h662e1026__27.o VTestDriver___024root__DepSet_h662e1026__27.cpp
/home/chipyard_repro/chipyard/.conda-env/bin/x86_64-conda-linux-gnu-c++ -Os  -I.  -MMD -I/home/chipyard_repro/chipyard/.conda-env/share/verilator/include -I/home/chipyard_repro/chipyard/.conda-env/share/verilator/include/vltstd -DVM_COVERAGE=0 -DVM_SC=0 -DVM_TRACE=0 -DVM_TRACE_FST=0 -DVM_TRACE_VCD=0 -faligned-new -fcf-protection=none -Wno-bool-operation -Wno-overloaded-virtual -Wno-shadow -Wno-sign-compare -Wno-uninitialized -Wno-unused-but-set-parameter -Wno-unused-but-set-variable -Wno-unused-parameter -Wno-unused-variable     -O3 -std=c++17 -I/home/chipyard_repro/chipyard/.conda-env/riscv-tools/include -I/home/chipyard_repro/chipyard/tools/DRAMSim2 -I/home/chipyard_repro/chipyard/sims/verilator/generated-src/chipyard.harness.TestHarness.Sha3RocketConfig/gen-collateral   -DVERILATOR -DVL_TIME_CONTEXT   -fcoroutines -include VTestDriver__pch.h.fast -c -o VTestDriver___024root__DepSet_h662e1026__28.o VTestDriver___024root__DepSet_h662e1026__28.cpp
/home/chipyard_repro/chipyard/.conda-env/bin/x86_64-conda-linux-gnu-c++ -Os  -I.  -MMD -I/home/chipyard_repro/chipyard/.conda-env/share/verilator/include -I/home/chipyard_repro/chipyard/.conda-env/share/verilator/include/vltstd -DVM_COVERAGE=0 -DVM_SC=0 -DVM_TRACE=0 -DVM_TRACE_FST=0 -DVM_TRACE_VCD=0 -faligned-new -fcf-protection=none -Wno-bool-operation -Wno-overloaded-virtual -Wno-shadow -Wno-sign-compare -Wno-uninitialized -Wno-unused-but-set-parameter -Wno-unused-but-set-variable -Wno-unused-parameter -Wno-unused-variable     -O3 -std=c++17 -I/home/chipyard_repro/chipyard/.conda-env/riscv-tools/include -I/home/chipyard_repro/chipyard/tools/DRAMSim2 -I/home/chipyard_repro/chipyard/sims/verilator/generated-src/chipyard.harness.TestHarness.Sha3RocketConfig/gen-collateral   -DVERILATOR -DVL_TIME_CONTEXT   -fcoroutines -include VTestDriver__pch.h.fast -c -o VTestDriver___024root__DepSet_h662e1026__29.o VTestDriver___024root__DepSet_h662e1026__29.cpp
/home/chipyard_repro/chipyard/.conda-env/bin/x86_64-conda-linux-gnu-c++ -Os  -I.  -MMD -I/home/chipyard_repro/chipyard/.conda-env/share/verilator/include -I/home/chipyard_repro/chipyard/.conda-env/share/verilator/include/vltstd -DVM_COVERAGE=0 -DVM_SC=0 -DVM_TRACE=0 -DVM_TRACE_FST=0 -DVM_TRACE_VCD=0 -faligned-new -fcf-protection=none -Wno-bool-operation -Wno-overloaded-virtual -Wno-shadow -Wno-sign-compare -Wno-uninitialized -Wno-unused-but-set-parameter -Wno-unused-but-set-variable -Wno-unused-parameter -Wno-unused-variable     -O3 -std=c++17 -I/home/chipyard_repro/chipyard/.conda-env/riscv-tools/include -I/home/chipyard_repro/chipyard/tools/DRAMSim2 -I/home/chipyard_repro/chipyard/sims/verilator/generated-src/chipyard.harness.TestHarness.Sha3RocketConfig/gen-collateral   -DVERILATOR -DVL_TIME_CONTEXT   -fcoroutines -include VTestDriver__pch.h.fast -c -o VTestDriver___024root__DepSet_h662e1026__30.o VTestDriver___024root__DepSet_h662e1026__30.cpp
/home/chipyard_repro/chipyard/.conda-env/bin/x86_64-conda-linux-gnu-c++ -Os  -I.  -MMD -I/home/chipyard_repro/chipyard/.conda-env/share/verilator/include -I/home/chipyard_repro/chipyard/.conda-env/share/verilator/include/vltstd -DVM_COVERAGE=0 -DVM_SC=0 -DVM_TRACE=0 -DVM_TRACE_FST=0 -DVM_TRACE_VCD=0 -faligned-new -fcf-protection=none -Wno-bool-operation -Wno-overloaded-virtual -Wno-shadow -Wno-sign-compare -Wno-uninitialized -Wno-unused-but-set-parameter -Wno-unused-but-set-variable -Wno-unused-parameter -Wno-unused-variable     -O3 -std=c++17 -I/home/chipyard_repro/chipyard/.conda-env/riscv-tools/include -I/home/chipyard_repro/chipyard/tools/DRAMSim2 -I/home/chipyard_repro/chipyard/sims/verilator/generated-src/chipyard.harness.TestHarness.Sha3RocketConfig/gen-collateral   -DVERILATOR -DVL_TIME_CONTEXT   -fcoroutines -include VTestDriver__pch.h.fast -c -o VTestDriver___024root__DepSet_h662e1026__31.o VTestDriver___024root__DepSet_h662e1026__31.cpp
/home/chipyard_repro/chipyard/.conda-env/bin/x86_64-conda-linux-gnu-c++ -Os  -I.  -MMD -I/home/chipyard_repro/chipyard/.conda-env/share/verilator/include -I/home/chipyard_repro/chipyard/.conda-env/share/verilator/include/vltstd -DVM_COVERAGE=0 -DVM_SC=0 -DVM_TRACE=0 -DVM_TRACE_FST=0 -DVM_TRACE_VCD=0 -faligned-new -fcf-protection=none -Wno-bool-operation -Wno-overloaded-virtual -Wno-shadow -Wno-sign-compare -Wno-uninitialized -Wno-unused-but-set-parameter -Wno-unused-but-set-variable -Wno-unused-parameter -Wno-unused-variable     -O3 -std=c++17 -I/home/chipyard_repro/chipyard/.conda-env/riscv-tools/include -I/home/chipyard_repro/chipyard/tools/DRAMSim2 -I/home/chipyard_repro/chipyard/sims/verilator/generated-src/chipyard.harness.TestHarness.Sha3RocketConfig/gen-collateral   -DVERILATOR -DVL_TIME_CONTEXT   -fcoroutines -include VTestDriver__pch.h.fast -c -o VTestDriver___024root__DepSet_h662e1026__32.o VTestDriver___024root__DepSet_h662e1026__32.cpp
/home/chipyard_repro/chipyard/.conda-env/bin/x86_64-conda-linux-gnu-c++ -Os  -I.  -MMD -I/home/chipyard_repro/chipyard/.conda-env/share/verilator/include -I/home/chipyard_repro/chipyard/.conda-env/share/verilator/include/vltstd -DVM_COVERAGE=0 -DVM_SC=0 -DVM_TRACE=0 -DVM_TRACE_FST=0 -DVM_TRACE_VCD=0 -faligned-new -fcf-protection=none -Wno-bool-operation -Wno-overloaded-virtual -Wno-shadow -Wno-sign-compare -Wno-uninitialized -Wno-unused-but-set-parameter -Wno-unused-but-set-variable -Wno-unused-parameter -Wno-unused-variable     -O3 -std=c++17 -I/home/chipyard_repro/chipyard/.conda-env/riscv-tools/include -I/home/chipyard_repro/chipyard/tools/DRAMSim2 -I/home/chipyard_repro/chipyard/sims/verilator/generated-src/chipyard.harness.TestHarness.Sha3RocketConfig/gen-collateral   -DVERILATOR -DVL_TIME_CONTEXT   -fcoroutines -include VTestDriver__pch.h.fast -c -o VTestDriver___024root__DepSet_h662e1026__33.o VTestDriver___024root__DepSet_h662e1026__33.cpp
/home/chipyard_repro/chipyard/.conda-env/bin/x86_64-conda-linux-gnu-c++ -Os  -I.  -MMD -I/home/chipyard_repro/chipyard/.conda-env/share/verilator/include -I/home/chipyard_repro/chipyard/.conda-env/share/verilator/include/vltstd -DVM_COVERAGE=0 -DVM_SC=0 -DVM_TRACE=0 -DVM_TRACE_FST=0 -DVM_TRACE_VCD=0 -faligned-new -fcf-protection=none -Wno-bool-operation -Wno-overloaded-virtual -Wno-shadow -Wno-sign-compare -Wno-uninitialized -Wno-unused-but-set-parameter -Wno-unused-but-set-variable -Wno-unused-parameter -Wno-unused-variable     -O3 -std=c++17 -I/home/chipyard_repro/chipyard/.conda-env/riscv-tools/include -I/home/chipyard_repro/chipyard/tools/DRAMSim2 -I/home/chipyard_repro/chipyard/sims/verilator/generated-src/chipyard.harness.TestHarness.Sha3RocketConfig/gen-collateral   -DVERILATOR -DVL_TIME_CONTEXT   -fcoroutines -include VTestDriver__pch.h.fast -c -o VTestDriver___024root__DepSet_h662e1026__34.o VTestDriver___024root__DepSet_h662e1026__34.cpp
/home/chipyard_repro/chipyard/.conda-env/bin/x86_64-conda-linux-gnu-c++ -Os  -I.  -MMD -I/home/chipyard_repro/chipyard/.conda-env/share/verilator/include -I/home/chipyard_repro/chipyard/.conda-env/share/verilator/include/vltstd -DVM_COVERAGE=0 -DVM_SC=0 -DVM_TRACE=0 -DVM_TRACE_FST=0 -DVM_TRACE_VCD=0 -faligned-new -fcf-protection=none -Wno-bool-operation -Wno-overloaded-virtual -Wno-shadow -Wno-sign-compare -Wno-uninitialized -Wno-unused-but-set-parameter -Wno-unused-but-set-variable -Wno-unused-parameter -Wno-unused-variable     -O3 -std=c++17 -I/home/chipyard_repro/chipyard/.conda-env/riscv-tools/include -I/home/chipyard_repro/chipyard/tools/DRAMSim2 -I/home/chipyard_repro/chipyard/sims/verilator/generated-src/chipyard.harness.TestHarness.Sha3RocketConfig/gen-collateral   -DVERILATOR -DVL_TIME_CONTEXT   -fcoroutines -include VTestDriver__pch.h.fast -c -o VTestDriver___024root__DepSet_h662e1026__35.o VTestDriver___024root__DepSet_h662e1026__35.cpp
/home/chipyard_repro/chipyard/.conda-env/bin/x86_64-conda-linux-gnu-c++ -Os  -I.  -MMD -I/home/chipyard_repro/chipyard/.conda-env/share/verilator/include -I/home/chipyard_repro/chipyard/.conda-env/share/verilator/include/vltstd -DVM_COVERAGE=0 -DVM_SC=0 -DVM_TRACE=0 -DVM_TRACE_FST=0 -DVM_TRACE_VCD=0 -faligned-new -fcf-protection=none -Wno-bool-operation -Wno-overloaded-virtual -Wno-shadow -Wno-sign-compare -Wno-uninitialized -Wno-unused-but-set-parameter -Wno-unused-but-set-variable -Wno-unused-parameter -Wno-unused-variable     -O3 -std=c++17 -I/home/chipyard_repro/chipyard/.conda-env/riscv-tools/include -I/home/chipyard_repro/chipyard/tools/DRAMSim2 -I/home/chipyard_repro/chipyard/sims/verilator/generated-src/chipyard.harness.TestHarness.Sha3RocketConfig/gen-collateral   -DVERILATOR -DVL_TIME_CONTEXT   -fcoroutines -include VTestDriver__pch.h.fast -c -o VTestDriver___024root__DepSet_h662e1026__36.o VTestDriver___024root__DepSet_h662e1026__36.cpp
/home/chipyard_repro/chipyard/.conda-env/bin/x86_64-conda-linux-gnu-c++ -Os  -I.  -MMD -I/home/chipyard_repro/chipyard/.conda-env/share/verilator/include -I/home/chipyard_repro/chipyard/.conda-env/share/verilator/include/vltstd -DVM_COVERAGE=0 -DVM_SC=0 -DVM_TRACE=0 -DVM_TRACE_FST=0 -DVM_TRACE_VCD=0 -faligned-new -fcf-protection=none -Wno-bool-operation -Wno-overloaded-virtual -Wno-shadow -Wno-sign-compare -Wno-uninitialized -Wno-unused-but-set-parameter -Wno-unused-but-set-variable -Wno-unused-parameter -Wno-unused-variable     -O3 -std=c++17 -I/home/chipyard_repro/chipyard/.conda-env/riscv-tools/include -I/home/chipyard_repro/chipyard/tools/DRAMSim2 -I/home/chipyard_repro/chipyard/sims/verilator/generated-src/chipyard.harness.TestHarness.Sha3RocketConfig/gen-collateral   -DVERILATOR -DVL_TIME_CONTEXT   -fcoroutines -include VTestDriver__pch.h.fast -c -o VTestDriver___024root__DepSet_h662e1026__37.o VTestDriver___024root__DepSet_h662e1026__37.cpp
/home/chipyard_repro/chipyard/.conda-env/bin/x86_64-conda-linux-gnu-c++ -Os  -I.  -MMD -I/home/chipyard_repro/chipyard/.conda-env/share/verilator/include -I/home/chipyard_repro/chipyard/.conda-env/share/verilator/include/vltstd -DVM_COVERAGE=0 -DVM_SC=0 -DVM_TRACE=0 -DVM_TRACE_FST=0 -DVM_TRACE_VCD=0 -faligned-new -fcf-protection=none -Wno-bool-operation -Wno-overloaded-virtual -Wno-shadow -Wno-sign-compare -Wno-uninitialized -Wno-unused-but-set-parameter -Wno-unused-but-set-variable -Wno-unused-parameter -Wno-unused-variable     -O3 -std=c++17 -I/home/chipyard_repro/chipyard/.conda-env/riscv-tools/include -I/home/chipyard_repro/chipyard/tools/DRAMSim2 -I/home/chipyard_repro/chipyard/sims/verilator/generated-src/chipyard.harness.TestHarness.Sha3RocketConfig/gen-collateral   -DVERILATOR -DVL_TIME_CONTEXT   -fcoroutines -include VTestDriver__pch.h.fast -c -o VTestDriver___024root__DepSet_h662e1026__38.o VTestDriver___024root__DepSet_h662e1026__38.cpp
/home/chipyard_repro/chipyard/.conda-env/bin/x86_64-conda-linux-gnu-c++ -Os  -I.  -MMD -I/home/chipyard_repro/chipyard/.conda-env/share/verilator/include -I/home/chipyard_repro/chipyard/.conda-env/share/verilator/include/vltstd -DVM_COVERAGE=0 -DVM_SC=0 -DVM_TRACE=0 -DVM_TRACE_FST=0 -DVM_TRACE_VCD=0 -faligned-new -fcf-protection=none -Wno-bool-operation -Wno-overloaded-virtual -Wno-shadow -Wno-sign-compare -Wno-uninitialized -Wno-unused-but-set-parameter -Wno-unused-but-set-variable -Wno-unused-parameter -Wno-unused-variable     -O3 -std=c++17 -I/home/chipyard_repro/chipyard/.conda-env/riscv-tools/include -I/home/chipyard_repro/chipyard/tools/DRAMSim2 -I/home/chipyard_repro/chipyard/sims/verilator/generated-src/chipyard.harness.TestHarness.Sha3RocketConfig/gen-collateral   -DVERILATOR -DVL_TIME_CONTEXT   -fcoroutines -include VTestDriver__pch.h.fast -c -o VTestDriver___024root__DepSet_h662e1026__39.o VTestDriver___024root__DepSet_h662e1026__39.cpp
/home/chipyard_repro/chipyard/.conda-env/bin/x86_64-conda-linux-gnu-c++ -Os  -I.  -MMD -I/home/chipyard_repro/chipyard/.conda-env/share/verilator/include -I/home/chipyard_repro/chipyard/.conda-env/share/verilator/include/vltstd -DVM_COVERAGE=0 -DVM_SC=0 -DVM_TRACE=0 -DVM_TRACE_FST=0 -DVM_TRACE_VCD=0 -faligned-new -fcf-protection=none -Wno-bool-operation -Wno-overloaded-virtual -Wno-shadow -Wno-sign-compare -Wno-uninitialized -Wno-unused-but-set-parameter -Wno-unused-but-set-variable -Wno-unused-parameter -Wno-unused-variable     -O3 -std=c++17 -I/home/chipyard_repro/chipyard/.conda-env/riscv-tools/include -I/home/chipyard_repro/chipyard/tools/DRAMSim2 -I/home/chipyard_repro/chipyard/sims/verilator/generated-src/chipyard.harness.TestHarness.Sha3RocketConfig/gen-collateral   -DVERILATOR -DVL_TIME_CONTEXT   -fcoroutines -include VTestDriver__pch.h.fast -c -o VTestDriver___024root__DepSet_h662e1026__40.o VTestDriver___024root__DepSet_h662e1026__40.cpp
/home/chipyard_repro/chipyard/.conda-env/bin/x86_64-conda-linux-gnu-c++ -Os  -I.  -MMD -I/home/chipyard_repro/chipyard/.conda-env/share/verilator/include -I/home/chipyard_repro/chipyard/.conda-env/share/verilator/include/vltstd -DVM_COVERAGE=0 -DVM_SC=0 -DVM_TRACE=0 -DVM_TRACE_FST=0 -DVM_TRACE_VCD=0 -faligned-new -fcf-protection=none -Wno-bool-operation -Wno-overloaded-virtual -Wno-shadow -Wno-sign-compare -Wno-uninitialized -Wno-unused-but-set-parameter -Wno-unused-but-set-variable -Wno-unused-parameter -Wno-unused-variable     -O3 -std=c++17 -I/home/chipyard_repro/chipyard/.conda-env/riscv-tools/include -I/home/chipyard_repro/chipyard/tools/DRAMSim2 -I/home/chipyard_repro/chipyard/sims/verilator/generated-src/chipyard.harness.TestHarness.Sha3RocketConfig/gen-collateral   -DVERILATOR -DVL_TIME_CONTEXT   -fcoroutines -include VTestDriver__pch.h.fast -c -o VTestDriver___024root__DepSet_h662e1026__41.o VTestDriver___024root__DepSet_h662e1026__41.cpp
/home/chipyard_repro/chipyard/.conda-env/bin/x86_64-conda-linux-gnu-c++ -Os  -I.  -MMD -I/home/chipyard_repro/chipyard/.conda-env/share/verilator/include -I/home/chipyard_repro/chipyard/.conda-env/share/verilator/include/vltstd -DVM_COVERAGE=0 -DVM_SC=0 -DVM_TRACE=0 -DVM_TRACE_FST=0 -DVM_TRACE_VCD=0 -faligned-new -fcf-protection=none -Wno-bool-operation -Wno-overloaded-virtual -Wno-shadow -Wno-sign-compare -Wno-uninitialized -Wno-unused-but-set-parameter -Wno-unused-but-set-variable -Wno-unused-parameter -Wno-unused-variable     -O3 -std=c++17 -I/home/chipyard_repro/chipyard/.conda-env/riscv-tools/include -I/home/chipyard_repro/chipyard/tools/DRAMSim2 -I/home/chipyard_repro/chipyard/sims/verilator/generated-src/chipyard.harness.TestHarness.Sha3RocketConfig/gen-collateral   -DVERILATOR -DVL_TIME_CONTEXT   -fcoroutines -include VTestDriver__pch.h.fast -c -o VTestDriver___024root__DepSet_h662e1026__42.o VTestDriver___024root__DepSet_h662e1026__42.cpp
/home/chipyard_repro/chipyard/.conda-env/bin/x86_64-conda-linux-gnu-c++ -Os  -I.  -MMD -I/home/chipyard_repro/chipyard/.conda-env/share/verilator/include -I/home/chipyard_repro/chipyard/.conda-env/share/verilator/include/vltstd -DVM_COVERAGE=0 -DVM_SC=0 -DVM_TRACE=0 -DVM_TRACE_FST=0 -DVM_TRACE_VCD=0 -faligned-new -fcf-protection=none -Wno-bool-operation -Wno-overloaded-virtual -Wno-shadow -Wno-sign-compare -Wno-uninitialized -Wno-unused-but-set-parameter -Wno-unused-but-set-variable -Wno-unused-parameter -Wno-unused-variable     -O3 -std=c++17 -I/home/chipyard_repro/chipyard/.conda-env/riscv-tools/include -I/home/chipyard_repro/chipyard/tools/DRAMSim2 -I/home/chipyard_repro/chipyard/sims/verilator/generated-src/chipyard.harness.TestHarness.Sha3RocketConfig/gen-collateral   -DVERILATOR -DVL_TIME_CONTEXT   -fcoroutines -include VTestDriver__pch.h.fast -c -o VTestDriver___024root__DepSet_h662e1026__43.o VTestDriver___024root__DepSet_h662e1026__43.cpp
/home/chipyard_repro/chipyard/.conda-env/bin/x86_64-conda-linux-gnu-c++ -Os  -I.  -MMD -I/home/chipyard_repro/chipyard/.conda-env/share/verilator/include -I/home/chipyard_repro/chipyard/.conda-env/share/verilator/include/vltstd -DVM_COVERAGE=0 -DVM_SC=0 -DVM_TRACE=0 -DVM_TRACE_FST=0 -DVM_TRACE_VCD=0 -faligned-new -fcf-protection=none -Wno-bool-operation -Wno-overloaded-virtual -Wno-shadow -Wno-sign-compare -Wno-uninitialized -Wno-unused-but-set-parameter -Wno-unused-but-set-variable -Wno-unused-parameter -Wno-unused-variable     -O3 -std=c++17 -I/home/chipyard_repro/chipyard/.conda-env/riscv-tools/include -I/home/chipyard_repro/chipyard/tools/DRAMSim2 -I/home/chipyard_repro/chipyard/sims/verilator/generated-src/chipyard.harness.TestHarness.Sha3RocketConfig/gen-collateral   -DVERILATOR -DVL_TIME_CONTEXT   -fcoroutines -include VTestDriver__pch.h.fast -c -o VTestDriver___024root__DepSet_h662e1026__44.o VTestDriver___024root__DepSet_h662e1026__44.cpp
/home/chipyard_repro/chipyard/.conda-env/bin/x86_64-conda-linux-gnu-c++ -Os  -I.  -MMD -I/home/chipyard_repro/chipyard/.conda-env/share/verilator/include -I/home/chipyard_repro/chipyard/.conda-env/share/verilator/include/vltstd -DVM_COVERAGE=0 -DVM_SC=0 -DVM_TRACE=0 -DVM_TRACE_FST=0 -DVM_TRACE_VCD=0 -faligned-new -fcf-protection=none -Wno-bool-operation -Wno-overloaded-virtual -Wno-shadow -Wno-sign-compare -Wno-uninitialized -Wno-unused-but-set-parameter -Wno-unused-but-set-variable -Wno-unused-parameter -Wno-unused-variable     -O3 -std=c++17 -I/home/chipyard_repro/chipyard/.conda-env/riscv-tools/include -I/home/chipyard_repro/chipyard/tools/DRAMSim2 -I/home/chipyard_repro/chipyard/sims/verilator/generated-src/chipyard.harness.TestHarness.Sha3RocketConfig/gen-collateral   -DVERILATOR -DVL_TIME_CONTEXT   -fcoroutines -include VTestDriver__pch.h.fast -c -o VTestDriver___024root__DepSet_h662e1026__45.o VTestDriver___024root__DepSet_h662e1026__45.cpp
/home/chipyard_repro/chipyard/.conda-env/bin/x86_64-conda-linux-gnu-c++ -Os  -I.  -MMD -I/home/chipyard_repro/chipyard/.conda-env/share/verilator/include -I/home/chipyard_repro/chipyard/.conda-env/share/verilator/include/vltstd -DVM_COVERAGE=0 -DVM_SC=0 -DVM_TRACE=0 -DVM_TRACE_FST=0 -DVM_TRACE_VCD=0 -faligned-new -fcf-protection=none -Wno-bool-operation -Wno-overloaded-virtual -Wno-shadow -Wno-sign-compare -Wno-uninitialized -Wno-unused-but-set-parameter -Wno-unused-but-set-variable -Wno-unused-parameter -Wno-unused-variable     -O3 -std=c++17 -I/home/chipyard_repro/chipyard/.conda-env/riscv-tools/include -I/home/chipyard_repro/chipyard/tools/DRAMSim2 -I/home/chipyard_repro/chipyard/sims/verilator/generated-src/chipyard.harness.TestHarness.Sha3RocketConfig/gen-collateral   -DVERILATOR -DVL_TIME_CONTEXT   -fcoroutines -include VTestDriver__pch.h.fast -c -o VTestDriver___024root__DepSet_h662e1026__46.o VTestDriver___024root__DepSet_h662e1026__46.cpp
/home/chipyard_repro/chipyard/.conda-env/bin/x86_64-conda-linux-gnu-c++ -Os  -I.  -MMD -I/home/chipyard_repro/chipyard/.conda-env/share/verilator/include -I/home/chipyard_repro/chipyard/.conda-env/share/verilator/include/vltstd -DVM_COVERAGE=0 -DVM_SC=0 -DVM_TRACE=0 -DVM_TRACE_FST=0 -DVM_TRACE_VCD=0 -faligned-new -fcf-protection=none -Wno-bool-operation -Wno-overloaded-virtual -Wno-shadow -Wno-sign-compare -Wno-uninitialized -Wno-unused-but-set-parameter -Wno-unused-but-set-variable -Wno-unused-parameter -Wno-unused-variable     -O3 -std=c++17 -I/home/chipyard_repro/chipyard/.conda-env/riscv-tools/include -I/home/chipyard_repro/chipyard/tools/DRAMSim2 -I/home/chipyard_repro/chipyard/sims/verilator/generated-src/chipyard.harness.TestHarness.Sha3RocketConfig/gen-collateral   -DVERILATOR -DVL_TIME_CONTEXT   -fcoroutines -include VTestDriver__pch.h.fast -c -o VTestDriver___024root__DepSet_h662e1026__47.o VTestDriver___024root__DepSet_h662e1026__47.cpp
/home/chipyard_repro/chipyard/.conda-env/bin/x86_64-conda-linux-gnu-c++ -Os  -I.  -MMD -I/home/chipyard_repro/chipyard/.conda-env/share/verilator/include -I/home/chipyard_repro/chipyard/.conda-env/share/verilator/include/vltstd -DVM_COVERAGE=0 -DVM_SC=0 -DVM_TRACE=0 -DVM_TRACE_FST=0 -DVM_TRACE_VCD=0 -faligned-new -fcf-protection=none -Wno-bool-operation -Wno-overloaded-virtual -Wno-shadow -Wno-sign-compare -Wno-uninitialized -Wno-unused-but-set-parameter -Wno-unused-but-set-variable -Wno-unused-parameter -Wno-unused-variable     -O3 -std=c++17 -I/home/chipyard_repro/chipyard/.conda-env/riscv-tools/include -I/home/chipyard_repro/chipyard/tools/DRAMSim2 -I/home/chipyard_repro/chipyard/sims/verilator/generated-src/chipyard.harness.TestHarness.Sha3RocketConfig/gen-collateral   -DVERILATOR -DVL_TIME_CONTEXT   -fcoroutines -include VTestDriver__pch.h.fast -c -o VTestDriver___024root__DepSet_h662e1026__48.o VTestDriver___024root__DepSet_h662e1026__48.cpp
/home/chipyard_repro/chipyard/.conda-env/bin/x86_64-conda-linux-gnu-c++ -Os  -I.  -MMD -I/home/chipyard_repro/chipyard/.conda-env/share/verilator/include -I/home/chipyard_repro/chipyard/.conda-env/share/verilator/include/vltstd -DVM_COVERAGE=0 -DVM_SC=0 -DVM_TRACE=0 -DVM_TRACE_FST=0 -DVM_TRACE_VCD=0 -faligned-new -fcf-protection=none -Wno-bool-operation -Wno-overloaded-virtual -Wno-shadow -Wno-sign-compare -Wno-uninitialized -Wno-unused-but-set-parameter -Wno-unused-but-set-variable -Wno-unused-parameter -Wno-unused-variable     -O3 -std=c++17 -I/home/chipyard_repro/chipyard/.conda-env/riscv-tools/include -I/home/chipyard_repro/chipyard/tools/DRAMSim2 -I/home/chipyard_repro/chipyard/sims/verilator/generated-src/chipyard.harness.TestHarness.Sha3RocketConfig/gen-collateral   -DVERILATOR -DVL_TIME_CONTEXT   -fcoroutines -include VTestDriver__pch.h.fast -c -o VTestDriver___024root__DepSet_h662e1026__49.o VTestDriver___024root__DepSet_h662e1026__49.cpp
/home/chipyard_repro/chipyard/.conda-env/bin/x86_64-conda-linux-gnu-c++ -Os  -I.  -MMD -I/home/chipyard_repro/chipyard/.conda-env/share/verilator/include -I/home/chipyard_repro/chipyard/.conda-env/share/verilator/include/vltstd -DVM_COVERAGE=0 -DVM_SC=0 -DVM_TRACE=0 -DVM_TRACE_FST=0 -DVM_TRACE_VCD=0 -faligned-new -fcf-protection=none -Wno-bool-operation -Wno-overloaded-virtual -Wno-shadow -Wno-sign-compare -Wno-uninitialized -Wno-unused-but-set-parameter -Wno-unused-but-set-variable -Wno-unused-parameter -Wno-unused-variable     -O3 -std=c++17 -I/home/chipyard_repro/chipyard/.conda-env/riscv-tools/include -I/home/chipyard_repro/chipyard/tools/DRAMSim2 -I/home/chipyard_repro/chipyard/sims/verilator/generated-src/chipyard.harness.TestHarness.Sha3RocketConfig/gen-collateral   -DVERILATOR -DVL_TIME_CONTEXT   -fcoroutines -include VTestDriver__pch.h.fast -c -o VTestDriver___024root__DepSet_h662e1026__50.o VTestDriver___024root__DepSet_h662e1026__50.cpp
/home/chipyard_repro/chipyard/.conda-env/bin/x86_64-conda-linux-gnu-c++ -Os  -I.  -MMD -I/home/chipyard_repro/chipyard/.conda-env/share/verilator/include -I/home/chipyard_repro/chipyard/.conda-env/share/verilator/include/vltstd -DVM_COVERAGE=0 -DVM_SC=0 -DVM_TRACE=0 -DVM_TRACE_FST=0 -DVM_TRACE_VCD=0 -faligned-new -fcf-protection=none -Wno-bool-operation -Wno-overloaded-virtual -Wno-shadow -Wno-sign-compare -Wno-uninitialized -Wno-unused-but-set-parameter -Wno-unused-but-set-variable -Wno-unused-parameter -Wno-unused-variable     -O3 -std=c++17 -I/home/chipyard_repro/chipyard/.conda-env/riscv-tools/include -I/home/chipyard_repro/chipyard/tools/DRAMSim2 -I/home/chipyard_repro/chipyard/sims/verilator/generated-src/chipyard.harness.TestHarness.Sha3RocketConfig/gen-collateral   -DVERILATOR -DVL_TIME_CONTEXT   -fcoroutines -include VTestDriver__pch.h.fast -c -o VTestDriver___024root__DepSet_h662e1026__51.o VTestDriver___024root__DepSet_h662e1026__51.cpp
/home/chipyard_repro/chipyard/.conda-env/bin/x86_64-conda-linux-gnu-c++ -Os  -I.  -MMD -I/home/chipyard_repro/chipyard/.conda-env/share/verilator/include -I/home/chipyard_repro/chipyard/.conda-env/share/verilator/include/vltstd -DVM_COVERAGE=0 -DVM_SC=0 -DVM_TRACE=0 -DVM_TRACE_FST=0 -DVM_TRACE_VCD=0 -faligned-new -fcf-protection=none -Wno-bool-operation -Wno-overloaded-virtual -Wno-shadow -Wno-sign-compare -Wno-uninitialized -Wno-unused-but-set-parameter -Wno-unused-but-set-variable -Wno-unused-parameter -Wno-unused-variable     -O3 -std=c++17 -I/home/chipyard_repro/chipyard/.conda-env/riscv-tools/include -I/home/chipyard_repro/chipyard/tools/DRAMSim2 -I/home/chipyard_repro/chipyard/sims/verilator/generated-src/chipyard.harness.TestHarness.Sha3RocketConfig/gen-collateral   -DVERILATOR -DVL_TIME_CONTEXT   -fcoroutines -include VTestDriver__pch.h.fast -c -o VTestDriver___024root__DepSet_h662e1026__52.o VTestDriver___024root__DepSet_h662e1026__52.cpp
/home/chipyard_repro/chipyard/.conda-env/bin/x86_64-conda-linux-gnu-c++ -Os  -I.  -MMD -I/home/chipyard_repro/chipyard/.conda-env/share/verilator/include -I/home/chipyard_repro/chipyard/.conda-env/share/verilator/include/vltstd -DVM_COVERAGE=0 -DVM_SC=0 -DVM_TRACE=0 -DVM_TRACE_FST=0 -DVM_TRACE_VCD=0 -faligned-new -fcf-protection=none -Wno-bool-operation -Wno-overloaded-virtual -Wno-shadow -Wno-sign-compare -Wno-uninitialized -Wno-unused-but-set-parameter -Wno-unused-but-set-variable -Wno-unused-parameter -Wno-unused-variable     -O3 -std=c++17 -I/home/chipyard_repro/chipyard/.conda-env/riscv-tools/include -I/home/chipyard_repro/chipyard/tools/DRAMSim2 -I/home/chipyard_repro/chipyard/sims/verilator/generated-src/chipyard.harness.TestHarness.Sha3RocketConfig/gen-collateral   -DVERILATOR -DVL_TIME_CONTEXT   -fcoroutines -include VTestDriver__pch.h.fast -c -o VTestDriver___024root__DepSet_h662e1026__53.o VTestDriver___024root__DepSet_h662e1026__53.cpp
/home/chipyard_repro/chipyard/.conda-env/bin/x86_64-conda-linux-gnu-c++ -Os  -I.  -MMD -I/home/chipyard_repro/chipyard/.conda-env/share/verilator/include -I/home/chipyard_repro/chipyard/.conda-env/share/verilator/include/vltstd -DVM_COVERAGE=0 -DVM_SC=0 -DVM_TRACE=0 -DVM_TRACE_FST=0 -DVM_TRACE_VCD=0 -faligned-new -fcf-protection=none -Wno-bool-operation -Wno-overloaded-virtual -Wno-shadow -Wno-sign-compare -Wno-uninitialized -Wno-unused-but-set-parameter -Wno-unused-but-set-variable -Wno-unused-parameter -Wno-unused-variable     -O3 -std=c++17 -I/home/chipyard_repro/chipyard/.conda-env/riscv-tools/include -I/home/chipyard_repro/chipyard/tools/DRAMSim2 -I/home/chipyard_repro/chipyard/sims/verilator/generated-src/chipyard.harness.TestHarness.Sha3RocketConfig/gen-collateral   -DVERILATOR -DVL_TIME_CONTEXT   -fcoroutines -include VTestDriver__pch.h.fast -c -o VTestDriver___024root__DepSet_h662e1026__54.o VTestDriver___024root__DepSet_h662e1026__54.cpp
/home/chipyard_repro/chipyard/.conda-env/bin/x86_64-conda-linux-gnu-c++ -Os  -I.  -MMD -I/home/chipyard_repro/chipyard/.conda-env/share/verilator/include -I/home/chipyard_repro/chipyard/.conda-env/share/verilator/include/vltstd -DVM_COVERAGE=0 -DVM_SC=0 -DVM_TRACE=0 -DVM_TRACE_FST=0 -DVM_TRACE_VCD=0 -faligned-new -fcf-protection=none -Wno-bool-operation -Wno-overloaded-virtual -Wno-shadow -Wno-sign-compare -Wno-uninitialized -Wno-unused-but-set-parameter -Wno-unused-but-set-variable -Wno-unused-parameter -Wno-unused-variable     -O3 -std=c++17 -I/home/chipyard_repro/chipyard/.conda-env/riscv-tools/include -I/home/chipyard_repro/chipyard/tools/DRAMSim2 -I/home/chipyard_repro/chipyard/sims/verilator/generated-src/chipyard.harness.TestHarness.Sha3RocketConfig/gen-collateral   -DVERILATOR -DVL_TIME_CONTEXT   -fcoroutines -include VTestDriver__pch.h.fast -c -o VTestDriver___024root__DepSet_h662e1026__55.o VTestDriver___024root__DepSet_h662e1026__55.cpp
/home/chipyard_repro/chipyard/.conda-env/bin/x86_64-conda-linux-gnu-c++ -Os  -I.  -MMD -I/home/chipyard_repro/chipyard/.conda-env/share/verilator/include -I/home/chipyard_repro/chipyard/.conda-env/share/verilator/include/vltstd -DVM_COVERAGE=0 -DVM_SC=0 -DVM_TRACE=0 -DVM_TRACE_FST=0 -DVM_TRACE_VCD=0 -faligned-new -fcf-protection=none -Wno-bool-operation -Wno-overloaded-virtual -Wno-shadow -Wno-sign-compare -Wno-uninitialized -Wno-unused-but-set-parameter -Wno-unused-but-set-variable -Wno-unused-parameter -Wno-unused-variable     -O3 -std=c++17 -I/home/chipyard_repro/chipyard/.conda-env/riscv-tools/include -I/home/chipyard_repro/chipyard/tools/DRAMSim2 -I/home/chipyard_repro/chipyard/sims/verilator/generated-src/chipyard.harness.TestHarness.Sha3RocketConfig/gen-collateral   -DVERILATOR -DVL_TIME_CONTEXT   -fcoroutines -include VTestDriver__pch.h.fast -c -o VTestDriver___024root__DepSet_h662e1026__56.o VTestDriver___024root__DepSet_h662e1026__56.cpp
/home/chipyard_repro/chipyard/.conda-env/bin/x86_64-conda-linux-gnu-c++ -Os  -I.  -MMD -I/home/chipyard_repro/chipyard/.conda-env/share/verilator/include -I/home/chipyard_repro/chipyard/.conda-env/share/verilator/include/vltstd -DVM_COVERAGE=0 -DVM_SC=0 -DVM_TRACE=0 -DVM_TRACE_FST=0 -DVM_TRACE_VCD=0 -faligned-new -fcf-protection=none -Wno-bool-operation -Wno-overloaded-virtual -Wno-shadow -Wno-sign-compare -Wno-uninitialized -Wno-unused-but-set-parameter -Wno-unused-but-set-variable -Wno-unused-parameter -Wno-unused-variable     -O3 -std=c++17 -I/home/chipyard_repro/chipyard/.conda-env/riscv-tools/include -I/home/chipyard_repro/chipyard/tools/DRAMSim2 -I/home/chipyard_repro/chipyard/sims/verilator/generated-src/chipyard.harness.TestHarness.Sha3RocketConfig/gen-collateral   -DVERILATOR -DVL_TIME_CONTEXT   -fcoroutines -include VTestDriver__pch.h.fast -c -o VTestDriver___024root__DepSet_h662e1026__57.o VTestDriver___024root__DepSet_h662e1026__57.cpp
/home/chipyard_repro/chipyard/.conda-env/bin/x86_64-conda-linux-gnu-c++ -Os  -I.  -MMD -I/home/chipyard_repro/chipyard/.conda-env/share/verilator/include -I/home/chipyard_repro/chipyard/.conda-env/share/verilator/include/vltstd -DVM_COVERAGE=0 -DVM_SC=0 -DVM_TRACE=0 -DVM_TRACE_FST=0 -DVM_TRACE_VCD=0 -faligned-new -fcf-protection=none -Wno-bool-operation -Wno-overloaded-virtual -Wno-shadow -Wno-sign-compare -Wno-uninitialized -Wno-unused-but-set-parameter -Wno-unused-but-set-variable -Wno-unused-parameter -Wno-unused-variable     -O3 -std=c++17 -I/home/chipyard_repro/chipyard/.conda-env/riscv-tools/include -I/home/chipyard_repro/chipyard/tools/DRAMSim2 -I/home/chipyard_repro/chipyard/sims/verilator/generated-src/chipyard.harness.TestHarness.Sha3RocketConfig/gen-collateral   -DVERILATOR -DVL_TIME_CONTEXT   -fcoroutines -include VTestDriver__pch.h.fast -c -o VTestDriver___024root__DepSet_h662e1026__58.o VTestDriver___024root__DepSet_h662e1026__58.cpp
/home/chipyard_repro/chipyard/.conda-env/bin/x86_64-conda-linux-gnu-c++ -Os  -I.  -MMD -I/home/chipyard_repro/chipyard/.conda-env/share/verilator/include -I/home/chipyard_repro/chipyard/.conda-env/share/verilator/include/vltstd -DVM_COVERAGE=0 -DVM_SC=0 -DVM_TRACE=0 -DVM_TRACE_FST=0 -DVM_TRACE_VCD=0 -faligned-new -fcf-protection=none -Wno-bool-operation -Wno-overloaded-virtual -Wno-shadow -Wno-sign-compare -Wno-uninitialized -Wno-unused-but-set-parameter -Wno-unused-but-set-variable -Wno-unused-parameter -Wno-unused-variable     -O3 -std=c++17 -I/home/chipyard_repro/chipyard/.conda-env/riscv-tools/include -I/home/chipyard_repro/chipyard/tools/DRAMSim2 -I/home/chipyard_repro/chipyard/sims/verilator/generated-src/chipyard.harness.TestHarness.Sha3RocketConfig/gen-collateral   -DVERILATOR -DVL_TIME_CONTEXT   -fcoroutines -include VTestDriver__pch.h.fast -c -o VTestDriver___024root__DepSet_h662e1026__59.o VTestDriver___024root__DepSet_h662e1026__59.cpp
/home/chipyard_repro/chipyard/.conda-env/bin/x86_64-conda-linux-gnu-c++ -Os  -I.  -MMD -I/home/chipyard_repro/chipyard/.conda-env/share/verilator/include -I/home/chipyard_repro/chipyard/.conda-env/share/verilator/include/vltstd -DVM_COVERAGE=0 -DVM_SC=0 -DVM_TRACE=0 -DVM_TRACE_FST=0 -DVM_TRACE_VCD=0 -faligned-new -fcf-protection=none -Wno-bool-operation -Wno-overloaded-virtual -Wno-shadow -Wno-sign-compare -Wno-uninitialized -Wno-unused-but-set-parameter -Wno-unused-but-set-variable -Wno-unused-parameter -Wno-unused-variable     -O3 -std=c++17 -I/home/chipyard_repro/chipyard/.conda-env/riscv-tools/include -I/home/chipyard_repro/chipyard/tools/DRAMSim2 -I/home/chipyard_repro/chipyard/sims/verilator/generated-src/chipyard.harness.TestHarness.Sha3RocketConfig/gen-collateral   -DVERILATOR -DVL_TIME_CONTEXT   -fcoroutines -include VTestDriver__pch.h.fast -c -o VTestDriver___024root__DepSet_h662e1026__60.o VTestDriver___024root__DepSet_h662e1026__60.cpp
/home/chipyard_repro/chipyard/.conda-env/bin/x86_64-conda-linux-gnu-c++ -Os  -I.  -MMD -I/home/chipyard_repro/chipyard/.conda-env/share/verilator/include -I/home/chipyard_repro/chipyard/.conda-env/share/verilator/include/vltstd -DVM_COVERAGE=0 -DVM_SC=0 -DVM_TRACE=0 -DVM_TRACE_FST=0 -DVM_TRACE_VCD=0 -faligned-new -fcf-protection=none -Wno-bool-operation -Wno-overloaded-virtual -Wno-shadow -Wno-sign-compare -Wno-uninitialized -Wno-unused-but-set-parameter -Wno-unused-but-set-variable -Wno-unused-parameter -Wno-unused-variable     -O3 -std=c++17 -I/home/chipyard_repro/chipyard/.conda-env/riscv-tools/include -I/home/chipyard_repro/chipyard/tools/DRAMSim2 -I/home/chipyard_repro/chipyard/sims/verilator/generated-src/chipyard.harness.TestHarness.Sha3RocketConfig/gen-collateral   -DVERILATOR -DVL_TIME_CONTEXT   -fcoroutines -include VTestDriver__pch.h.fast -c -o VTestDriver___024root__DepSet_h662e1026__61.o VTestDriver___024root__DepSet_h662e1026__61.cpp
/home/chipyard_repro/chipyard/.conda-env/bin/x86_64-conda-linux-gnu-c++ -Os  -I.  -MMD -I/home/chipyard_repro/chipyard/.conda-env/share/verilator/include -I/home/chipyard_repro/chipyard/.conda-env/share/verilator/include/vltstd -DVM_COVERAGE=0 -DVM_SC=0 -DVM_TRACE=0 -DVM_TRACE_FST=0 -DVM_TRACE_VCD=0 -faligned-new -fcf-protection=none -Wno-bool-operation -Wno-overloaded-virtual -Wno-shadow -Wno-sign-compare -Wno-uninitialized -Wno-unused-but-set-parameter -Wno-unused-but-set-variable -Wno-unused-parameter -Wno-unused-variable     -O3 -std=c++17 -I/home/chipyard_repro/chipyard/.conda-env/riscv-tools/include -I/home/chipyard_repro/chipyard/tools/DRAMSim2 -I/home/chipyard_repro/chipyard/sims/verilator/generated-src/chipyard.harness.TestHarness.Sha3RocketConfig/gen-collateral   -DVERILATOR -DVL_TIME_CONTEXT   -fcoroutines -include VTestDriver__pch.h.fast -c -o VTestDriver___024root__DepSet_h662e1026__62.o VTestDriver___024root__DepSet_h662e1026__62.cpp
/home/chipyard_repro/chipyard/.conda-env/bin/x86_64-conda-linux-gnu-c++ -Os  -I.  -MMD -I/home/chipyard_repro/chipyard/.conda-env/share/verilator/include -I/home/chipyard_repro/chipyard/.conda-env/share/verilator/include/vltstd -DVM_COVERAGE=0 -DVM_SC=0 -DVM_TRACE=0 -DVM_TRACE_FST=0 -DVM_TRACE_VCD=0 -faligned-new -fcf-protection=none -Wno-bool-operation -Wno-overloaded-virtual -Wno-shadow -Wno-sign-compare -Wno-uninitialized -Wno-unused-but-set-parameter -Wno-unused-but-set-variable -Wno-unused-parameter -Wno-unused-variable     -O3 -std=c++17 -I/home/chipyard_repro/chipyard/.conda-env/riscv-tools/include -I/home/chipyard_repro/chipyard/tools/DRAMSim2 -I/home/chipyard_repro/chipyard/sims/verilator/generated-src/chipyard.harness.TestHarness.Sha3RocketConfig/gen-collateral   -DVERILATOR -DVL_TIME_CONTEXT   -fcoroutines -include VTestDriver__pch.h.fast -c -o VTestDriver___024root__DepSet_h662e1026__63.o VTestDriver___024root__DepSet_h662e1026__63.cpp
/home/chipyard_repro/chipyard/.conda-env/bin/x86_64-conda-linux-gnu-c++ -Os  -I.  -MMD -I/home/chipyard_repro/chipyard/.conda-env/share/verilator/include -I/home/chipyard_repro/chipyard/.conda-env/share/verilator/include/vltstd -DVM_COVERAGE=0 -DVM_SC=0 -DVM_TRACE=0 -DVM_TRACE_FST=0 -DVM_TRACE_VCD=0 -faligned-new -fcf-protection=none -Wno-bool-operation -Wno-overloaded-virtual -Wno-shadow -Wno-sign-compare -Wno-uninitialized -Wno-unused-but-set-parameter -Wno-unused-but-set-variable -Wno-unused-parameter -Wno-unused-variable     -O3 -std=c++17 -I/home/chipyard_repro/chipyard/.conda-env/riscv-tools/include -I/home/chipyard_repro/chipyard/tools/DRAMSim2 -I/home/chipyard_repro/chipyard/sims/verilator/generated-src/chipyard.harness.TestHarness.Sha3RocketConfig/gen-collateral   -DVERILATOR -DVL_TIME_CONTEXT   -fcoroutines -include VTestDriver__pch.h.fast -c -o VTestDriver___024root__DepSet_h662e1026__64.o VTestDriver___024root__DepSet_h662e1026__64.cpp
/home/chipyard_repro/chipyard/.conda-env/bin/x86_64-conda-linux-gnu-c++ -Os  -I.  -MMD -I/home/chipyard_repro/chipyard/.conda-env/share/verilator/include -I/home/chipyard_repro/chipyard/.conda-env/share/verilator/include/vltstd -DVM_COVERAGE=0 -DVM_SC=0 -DVM_TRACE=0 -DVM_TRACE_FST=0 -DVM_TRACE_VCD=0 -faligned-new -fcf-protection=none -Wno-bool-operation -Wno-overloaded-virtual -Wno-shadow -Wno-sign-compare -Wno-uninitialized -Wno-unused-but-set-parameter -Wno-unused-but-set-variable -Wno-unused-parameter -Wno-unused-variable     -O3 -std=c++17 -I/home/chipyard_repro/chipyard/.conda-env/riscv-tools/include -I/home/chipyard_repro/chipyard/tools/DRAMSim2 -I/home/chipyard_repro/chipyard/sims/verilator/generated-src/chipyard.harness.TestHarness.Sha3RocketConfig/gen-collateral   -DVERILATOR -DVL_TIME_CONTEXT   -fcoroutines -include VTestDriver__pch.h.fast -c -o VTestDriver___024root__DepSet_hbb6e3b65__0.o VTestDriver___024root__DepSet_hbb6e3b65__0.cpp
/home/chipyard_repro/chipyard/.conda-env/bin/x86_64-conda-linux-gnu-c++ -Os  -I.  -MMD -I/home/chipyard_repro/chipyard/.conda-env/share/verilator/include -I/home/chipyard_repro/chipyard/.conda-env/share/verilator/include/vltstd -DVM_COVERAGE=0 -DVM_SC=0 -DVM_TRACE=0 -DVM_TRACE_FST=0 -DVM_TRACE_VCD=0 -faligned-new -fcf-protection=none -Wno-bool-operation -Wno-overloaded-virtual -Wno-shadow -Wno-sign-compare -Wno-uninitialized -Wno-unused-but-set-parameter -Wno-unused-but-set-variable -Wno-unused-parameter -Wno-unused-variable     -O3 -std=c++17 -I/home/chipyard_repro/chipyard/.conda-env/riscv-tools/include -I/home/chipyard_repro/chipyard/tools/DRAMSim2 -I/home/chipyard_repro/chipyard/sims/verilator/generated-src/chipyard.harness.TestHarness.Sha3RocketConfig/gen-collateral   -DVERILATOR -DVL_TIME_CONTEXT   -fcoroutines -include VTestDriver__pch.h.fast -c -o VTestDriver___024root__DepSet_hbb6e3b65__1.o VTestDriver___024root__DepSet_hbb6e3b65__1.cpp
/home/chipyard_repro/chipyard/.conda-env/bin/x86_64-conda-linux-gnu-c++ -Os  -I.  -MMD -I/home/chipyard_repro/chipyard/.conda-env/share/verilator/include -I/home/chipyard_repro/chipyard/.conda-env/share/verilator/include/vltstd -DVM_COVERAGE=0 -DVM_SC=0 -DVM_TRACE=0 -DVM_TRACE_FST=0 -DVM_TRACE_VCD=0 -faligned-new -fcf-protection=none -Wno-bool-operation -Wno-overloaded-virtual -Wno-shadow -Wno-sign-compare -Wno-uninitialized -Wno-unused-but-set-parameter -Wno-unused-but-set-variable -Wno-unused-parameter -Wno-unused-variable     -O3 -std=c++17 -I/home/chipyard_repro/chipyard/.conda-env/riscv-tools/include -I/home/chipyard_repro/chipyard/tools/DRAMSim2 -I/home/chipyard_repro/chipyard/sims/verilator/generated-src/chipyard.harness.TestHarness.Sha3RocketConfig/gen-collateral   -DVERILATOR -DVL_TIME_CONTEXT   -fcoroutines -include VTestDriver__pch.h.fast -c -o VTestDriver___024root__DepSet_hbb6e3b65__2.o VTestDriver___024root__DepSet_hbb6e3b65__2.cpp
/home/chipyard_repro/chipyard/.conda-env/bin/x86_64-conda-linux-gnu-c++ -Os  -I.  -MMD -I/home/chipyard_repro/chipyard/.conda-env/share/verilator/include -I/home/chipyard_repro/chipyard/.conda-env/share/verilator/include/vltstd -DVM_COVERAGE=0 -DVM_SC=0 -DVM_TRACE=0 -DVM_TRACE_FST=0 -DVM_TRACE_VCD=0 -faligned-new -fcf-protection=none -Wno-bool-operation -Wno-overloaded-virtual -Wno-shadow -Wno-sign-compare -Wno-uninitialized -Wno-unused-but-set-parameter -Wno-unused-but-set-variable -Wno-unused-parameter -Wno-unused-variable     -O3 -std=c++17 -I/home/chipyard_repro/chipyard/.conda-env/riscv-tools/include -I/home/chipyard_repro/chipyard/tools/DRAMSim2 -I/home/chipyard_repro/chipyard/sims/verilator/generated-src/chipyard.harness.TestHarness.Sha3RocketConfig/gen-collateral   -DVERILATOR -DVL_TIME_CONTEXT   -fcoroutines -include VTestDriver__pch.h.fast -c -o VTestDriver___024root__DepSet_hbb6e3b65__3.o VTestDriver___024root__DepSet_hbb6e3b65__3.cpp
/home/chipyard_repro/chipyard/.conda-env/bin/x86_64-conda-linux-gnu-c++ -Os  -I.  -MMD -I/home/chipyard_repro/chipyard/.conda-env/share/verilator/include -I/home/chipyard_repro/chipyard/.conda-env/share/verilator/include/vltstd -DVM_COVERAGE=0 -DVM_SC=0 -DVM_TRACE=0 -DVM_TRACE_FST=0 -DVM_TRACE_VCD=0 -faligned-new -fcf-protection=none -Wno-bool-operation -Wno-overloaded-virtual -Wno-shadow -Wno-sign-compare -Wno-uninitialized -Wno-unused-but-set-parameter -Wno-unused-but-set-variable -Wno-unused-parameter -Wno-unused-variable     -O3 -std=c++17 -I/home/chipyard_repro/chipyard/.conda-env/riscv-tools/include -I/home/chipyard_repro/chipyard/tools/DRAMSim2 -I/home/chipyard_repro/chipyard/sims/verilator/generated-src/chipyard.harness.TestHarness.Sha3RocketConfig/gen-collateral   -DVERILATOR -DVL_TIME_CONTEXT   -fcoroutines -include VTestDriver__pch.h.fast -c -o VTestDriver___024root__DepSet_hbb6e3b65__4.o VTestDriver___024root__DepSet_hbb6e3b65__4.cpp
/home/chipyard_repro/chipyard/.conda-env/bin/x86_64-conda-linux-gnu-c++ -Os  -I.  -MMD -I/home/chipyard_repro/chipyard/.conda-env/share/verilator/include -I/home/chipyard_repro/chipyard/.conda-env/share/verilator/include/vltstd -DVM_COVERAGE=0 -DVM_SC=0 -DVM_TRACE=0 -DVM_TRACE_FST=0 -DVM_TRACE_VCD=0 -faligned-new -fcf-protection=none -Wno-bool-operation -Wno-overloaded-virtual -Wno-shadow -Wno-sign-compare -Wno-uninitialized -Wno-unused-but-set-parameter -Wno-unused-but-set-variable -Wno-unused-parameter -Wno-unused-variable     -O3 -std=c++17 -I/home/chipyard_repro/chipyard/.conda-env/riscv-tools/include -I/home/chipyard_repro/chipyard/tools/DRAMSim2 -I/home/chipyard_repro/chipyard/sims/verilator/generated-src/chipyard.harness.TestHarness.Sha3RocketConfig/gen-collateral   -DVERILATOR -DVL_TIME_CONTEXT   -fcoroutines -include VTestDriver__pch.h.fast -c -o VTestDriver___024root__DepSet_hbb6e3b65__5.o VTestDriver___024root__DepSet_hbb6e3b65__5.cpp
/home/chipyard_repro/chipyard/.conda-env/bin/x86_64-conda-linux-gnu-c++ -Os  -I.  -MMD -I/home/chipyard_repro/chipyard/.conda-env/share/verilator/include -I/home/chipyard_repro/chipyard/.conda-env/share/verilator/include/vltstd -DVM_COVERAGE=0 -DVM_SC=0 -DVM_TRACE=0 -DVM_TRACE_FST=0 -DVM_TRACE_VCD=0 -faligned-new -fcf-protection=none -Wno-bool-operation -Wno-overloaded-virtual -Wno-shadow -Wno-sign-compare -Wno-uninitialized -Wno-unused-but-set-parameter -Wno-unused-but-set-variable -Wno-unused-parameter -Wno-unused-variable     -O3 -std=c++17 -I/home/chipyard_repro/chipyard/.conda-env/riscv-tools/include -I/home/chipyard_repro/chipyard/tools/DRAMSim2 -I/home/chipyard_repro/chipyard/sims/verilator/generated-src/chipyard.harness.TestHarness.Sha3RocketConfig/gen-collateral   -DVERILATOR -DVL_TIME_CONTEXT   -fcoroutines -include VTestDriver__pch.h.fast -c -o VTestDriver___024root__DepSet_hbb6e3b65__6.o VTestDriver___024root__DepSet_hbb6e3b65__6.cpp
/home/chipyard_repro/chipyard/.conda-env/bin/x86_64-conda-linux-gnu-c++ -Os  -I.  -MMD -I/home/chipyard_repro/chipyard/.conda-env/share/verilator/include -I/home/chipyard_repro/chipyard/.conda-env/share/verilator/include/vltstd -DVM_COVERAGE=0 -DVM_SC=0 -DVM_TRACE=0 -DVM_TRACE_FST=0 -DVM_TRACE_VCD=0 -faligned-new -fcf-protection=none -Wno-bool-operation -Wno-overloaded-virtual -Wno-shadow -Wno-sign-compare -Wno-uninitialized -Wno-unused-but-set-parameter -Wno-unused-but-set-variable -Wno-unused-parameter -Wno-unused-variable     -O3 -std=c++17 -I/home/chipyard_repro/chipyard/.conda-env/riscv-tools/include -I/home/chipyard_repro/chipyard/tools/DRAMSim2 -I/home/chipyard_repro/chipyard/sims/verilator/generated-src/chipyard.harness.TestHarness.Sha3RocketConfig/gen-collateral   -DVERILATOR -DVL_TIME_CONTEXT   -fcoroutines -include VTestDriver__pch.h.fast -c -o VTestDriver___024root__DepSet_hbb6e3b65__7.o VTestDriver___024root__DepSet_hbb6e3b65__7.cpp
/home/chipyard_repro/chipyard/.conda-env/bin/x86_64-conda-linux-gnu-c++ -Os  -I.  -MMD -I/home/chipyard_repro/chipyard/.conda-env/share/verilator/include -I/home/chipyard_repro/chipyard/.conda-env/share/verilator/include/vltstd -DVM_COVERAGE=0 -DVM_SC=0 -DVM_TRACE=0 -DVM_TRACE_FST=0 -DVM_TRACE_VCD=0 -faligned-new -fcf-protection=none -Wno-bool-operation -Wno-overloaded-virtual -Wno-shadow -Wno-sign-compare -Wno-uninitialized -Wno-unused-but-set-parameter -Wno-unused-but-set-variable -Wno-unused-parameter -Wno-unused-variable     -O3 -std=c++17 -I/home/chipyard_repro/chipyard/.conda-env/riscv-tools/include -I/home/chipyard_repro/chipyard/tools/DRAMSim2 -I/home/chipyard_repro/chipyard/sims/verilator/generated-src/chipyard.harness.TestHarness.Sha3RocketConfig/gen-collateral   -DVERILATOR -DVL_TIME_CONTEXT   -fcoroutines -include VTestDriver__pch.h.fast -c -o VTestDriver___024root__DepSet_hbb6e3b65__8.o VTestDriver___024root__DepSet_hbb6e3b65__8.cpp
/home/chipyard_repro/chipyard/.conda-env/bin/x86_64-conda-linux-gnu-c++ -Os  -I.  -MMD -I/home/chipyard_repro/chipyard/.conda-env/share/verilator/include -I/home/chipyard_repro/chipyard/.conda-env/share/verilator/include/vltstd -DVM_COVERAGE=0 -DVM_SC=0 -DVM_TRACE=0 -DVM_TRACE_FST=0 -DVM_TRACE_VCD=0 -faligned-new -fcf-protection=none -Wno-bool-operation -Wno-overloaded-virtual -Wno-shadow -Wno-sign-compare -Wno-uninitialized -Wno-unused-but-set-parameter -Wno-unused-but-set-variable -Wno-unused-parameter -Wno-unused-variable     -O3 -std=c++17 -I/home/chipyard_repro/chipyard/.conda-env/riscv-tools/include -I/home/chipyard_repro/chipyard/tools/DRAMSim2 -I/home/chipyard_repro/chipyard/sims/verilator/generated-src/chipyard.harness.TestHarness.Sha3RocketConfig/gen-collateral   -DVERILATOR -DVL_TIME_CONTEXT   -fcoroutines -include VTestDriver__pch.h.fast -c -o VTestDriver___024root__DepSet_hbb6e3b65__9.o VTestDriver___024root__DepSet_hbb6e3b65__9.cpp
/home/chipyard_repro/chipyard/.conda-env/bin/x86_64-conda-linux-gnu-c++ -Os  -I.  -MMD -I/home/chipyard_repro/chipyard/.conda-env/share/verilator/include -I/home/chipyard_repro/chipyard/.conda-env/share/verilator/include/vltstd -DVM_COVERAGE=0 -DVM_SC=0 -DVM_TRACE=0 -DVM_TRACE_FST=0 -DVM_TRACE_VCD=0 -faligned-new -fcf-protection=none -Wno-bool-operation -Wno-overloaded-virtual -Wno-shadow -Wno-sign-compare -Wno-uninitialized -Wno-unused-but-set-parameter -Wno-unused-but-set-variable -Wno-unused-parameter -Wno-unused-variable     -O3 -std=c++17 -I/home/chipyard_repro/chipyard/.conda-env/riscv-tools/include -I/home/chipyard_repro/chipyard/tools/DRAMSim2 -I/home/chipyard_repro/chipyard/sims/verilator/generated-src/chipyard.harness.TestHarness.Sha3RocketConfig/gen-collateral   -DVERILATOR -DVL_TIME_CONTEXT   -fcoroutines -include VTestDriver__pch.h.fast -c -o VTestDriver___024root__DepSet_hbb6e3b65__10.o VTestDriver___024root__DepSet_hbb6e3b65__10.cpp
/home/chipyard_repro/chipyard/.conda-env/bin/x86_64-conda-linux-gnu-c++ -Os  -I.  -MMD -I/home/chipyard_repro/chipyard/.conda-env/share/verilator/include -I/home/chipyard_repro/chipyard/.conda-env/share/verilator/include/vltstd -DVM_COVERAGE=0 -DVM_SC=0 -DVM_TRACE=0 -DVM_TRACE_FST=0 -DVM_TRACE_VCD=0 -faligned-new -fcf-protection=none -Wno-bool-operation -Wno-overloaded-virtual -Wno-shadow -Wno-sign-compare -Wno-uninitialized -Wno-unused-but-set-parameter -Wno-unused-but-set-variable -Wno-unused-parameter -Wno-unused-variable     -O3 -std=c++17 -I/home/chipyard_repro/chipyard/.conda-env/riscv-tools/include -I/home/chipyard_repro/chipyard/tools/DRAMSim2 -I/home/chipyard_repro/chipyard/sims/verilator/generated-src/chipyard.harness.TestHarness.Sha3RocketConfig/gen-collateral   -DVERILATOR -DVL_TIME_CONTEXT   -fcoroutines -include VTestDriver__pch.h.fast -c -o VTestDriver___024root__DepSet_hbb6e3b65__11.o VTestDriver___024root__DepSet_hbb6e3b65__11.cpp
/home/chipyard_repro/chipyard/.conda-env/bin/x86_64-conda-linux-gnu-c++ -Os  -I.  -MMD -I/home/chipyard_repro/chipyard/.conda-env/share/verilator/include -I/home/chipyard_repro/chipyard/.conda-env/share/verilator/include/vltstd -DVM_COVERAGE=0 -DVM_SC=0 -DVM_TRACE=0 -DVM_TRACE_FST=0 -DVM_TRACE_VCD=0 -faligned-new -fcf-protection=none -Wno-bool-operation -Wno-overloaded-virtual -Wno-shadow -Wno-sign-compare -Wno-uninitialized -Wno-unused-but-set-parameter -Wno-unused-but-set-variable -Wno-unused-parameter -Wno-unused-variable     -O3 -std=c++17 -I/home/chipyard_repro/chipyard/.conda-env/riscv-tools/include -I/home/chipyard_repro/chipyard/tools/DRAMSim2 -I/home/chipyard_repro/chipyard/sims/verilator/generated-src/chipyard.harness.TestHarness.Sha3RocketConfig/gen-collateral   -DVERILATOR -DVL_TIME_CONTEXT   -fcoroutines -include VTestDriver__pch.h.fast -c -o VTestDriver___024root__DepSet_hbb6e3b65__12.o VTestDriver___024root__DepSet_hbb6e3b65__12.cpp
/home/chipyard_repro/chipyard/.conda-env/bin/x86_64-conda-linux-gnu-c++ -Os  -I.  -MMD -I/home/chipyard_repro/chipyard/.conda-env/share/verilator/include -I/home/chipyard_repro/chipyard/.conda-env/share/verilator/include/vltstd -DVM_COVERAGE=0 -DVM_SC=0 -DVM_TRACE=0 -DVM_TRACE_FST=0 -DVM_TRACE_VCD=0 -faligned-new -fcf-protection=none -Wno-bool-operation -Wno-overloaded-virtual -Wno-shadow -Wno-sign-compare -Wno-uninitialized -Wno-unused-but-set-parameter -Wno-unused-but-set-variable -Wno-unused-parameter -Wno-unused-variable     -O3 -std=c++17 -I/home/chipyard_repro/chipyard/.conda-env/riscv-tools/include -I/home/chipyard_repro/chipyard/tools/DRAMSim2 -I/home/chipyard_repro/chipyard/sims/verilator/generated-src/chipyard.harness.TestHarness.Sha3RocketConfig/gen-collateral   -DVERILATOR -DVL_TIME_CONTEXT   -fcoroutines -include VTestDriver__pch.h.fast -c -o VTestDriver___024root__DepSet_hbb6e3b65__13.o VTestDriver___024root__DepSet_hbb6e3b65__13.cpp
/home/chipyard_repro/chipyard/.conda-env/bin/x86_64-conda-linux-gnu-c++ -Os  -I.  -MMD -I/home/chipyard_repro/chipyard/.conda-env/share/verilator/include -I/home/chipyard_repro/chipyard/.conda-env/share/verilator/include/vltstd -DVM_COVERAGE=0 -DVM_SC=0 -DVM_TRACE=0 -DVM_TRACE_FST=0 -DVM_TRACE_VCD=0 -faligned-new -fcf-protection=none -Wno-bool-operation -Wno-overloaded-virtual -Wno-shadow -Wno-sign-compare -Wno-uninitialized -Wno-unused-but-set-parameter -Wno-unused-but-set-variable -Wno-unused-parameter -Wno-unused-variable     -O3 -std=c++17 -I/home/chipyard_repro/chipyard/.conda-env/riscv-tools/include -I/home/chipyard_repro/chipyard/tools/DRAMSim2 -I/home/chipyard_repro/chipyard/sims/verilator/generated-src/chipyard.harness.TestHarness.Sha3RocketConfig/gen-collateral   -DVERILATOR -DVL_TIME_CONTEXT   -fcoroutines -include VTestDriver__pch.h.fast -c -o VTestDriver___024root__DepSet_hbb6e3b65__14.o VTestDriver___024root__DepSet_hbb6e3b65__14.cpp
/home/chipyard_repro/chipyard/.conda-env/bin/x86_64-conda-linux-gnu-c++ -Os  -I.  -MMD -I/home/chipyard_repro/chipyard/.conda-env/share/verilator/include -I/home/chipyard_repro/chipyard/.conda-env/share/verilator/include/vltstd -DVM_COVERAGE=0 -DVM_SC=0 -DVM_TRACE=0 -DVM_TRACE_FST=0 -DVM_TRACE_VCD=0 -faligned-new -fcf-protection=none -Wno-bool-operation -Wno-overloaded-virtual -Wno-shadow -Wno-sign-compare -Wno-uninitialized -Wno-unused-but-set-parameter -Wno-unused-but-set-variable -Wno-unused-parameter -Wno-unused-variable     -O3 -std=c++17 -I/home/chipyard_repro/chipyard/.conda-env/riscv-tools/include -I/home/chipyard_repro/chipyard/tools/DRAMSim2 -I/home/chipyard_repro/chipyard/sims/verilator/generated-src/chipyard.harness.TestHarness.Sha3RocketConfig/gen-collateral   -DVERILATOR -DVL_TIME_CONTEXT   -fcoroutines -include VTestDriver__pch.h.fast -c -o VTestDriver___024root__DepSet_hbb6e3b65__15.o VTestDriver___024root__DepSet_hbb6e3b65__15.cpp
/home/chipyard_repro/chipyard/.conda-env/bin/x86_64-conda-linux-gnu-c++ -Os  -I.  -MMD -I/home/chipyard_repro/chipyard/.conda-env/share/verilator/include -I/home/chipyard_repro/chipyard/.conda-env/share/verilator/include/vltstd -DVM_COVERAGE=0 -DVM_SC=0 -DVM_TRACE=0 -DVM_TRACE_FST=0 -DVM_TRACE_VCD=0 -faligned-new -fcf-protection=none -Wno-bool-operation -Wno-overloaded-virtual -Wno-shadow -Wno-sign-compare -Wno-uninitialized -Wno-unused-but-set-parameter -Wno-unused-but-set-variable -Wno-unused-parameter -Wno-unused-variable     -O3 -std=c++17 -I/home/chipyard_repro/chipyard/.conda-env/riscv-tools/include -I/home/chipyard_repro/chipyard/tools/DRAMSim2 -I/home/chipyard_repro/chipyard/sims/verilator/generated-src/chipyard.harness.TestHarness.Sha3RocketConfig/gen-collateral   -DVERILATOR -DVL_TIME_CONTEXT   -fcoroutines -include VTestDriver__pch.h.fast -c -o VTestDriver___024root__DepSet_hbb6e3b65__16.o VTestDriver___024root__DepSet_hbb6e3b65__16.cpp
/home/chipyard_repro/chipyard/.conda-env/bin/x86_64-conda-linux-gnu-c++ -Os  -I.  -MMD -I/home/chipyard_repro/chipyard/.conda-env/share/verilator/include -I/home/chipyard_repro/chipyard/.conda-env/share/verilator/include/vltstd -DVM_COVERAGE=0 -DVM_SC=0 -DVM_TRACE=0 -DVM_TRACE_FST=0 -DVM_TRACE_VCD=0 -faligned-new -fcf-protection=none -Wno-bool-operation -Wno-overloaded-virtual -Wno-shadow -Wno-sign-compare -Wno-uninitialized -Wno-unused-but-set-parameter -Wno-unused-but-set-variable -Wno-unused-parameter -Wno-unused-variable     -O3 -std=c++17 -I/home/chipyard_repro/chipyard/.conda-env/riscv-tools/include -I/home/chipyard_repro/chipyard/tools/DRAMSim2 -I/home/chipyard_repro/chipyard/sims/verilator/generated-src/chipyard.harness.TestHarness.Sha3RocketConfig/gen-collateral   -DVERILATOR -DVL_TIME_CONTEXT   -fcoroutines -include VTestDriver__pch.h.fast -c -o VTestDriver___024root__DepSet_hbb6e3b65__17.o VTestDriver___024root__DepSet_hbb6e3b65__17.cpp
/home/chipyard_repro/chipyard/.conda-env/bin/x86_64-conda-linux-gnu-c++ -Os  -I.  -MMD -I/home/chipyard_repro/chipyard/.conda-env/share/verilator/include -I/home/chipyard_repro/chipyard/.conda-env/share/verilator/include/vltstd -DVM_COVERAGE=0 -DVM_SC=0 -DVM_TRACE=0 -DVM_TRACE_FST=0 -DVM_TRACE_VCD=0 -faligned-new -fcf-protection=none -Wno-bool-operation -Wno-overloaded-virtual -Wno-shadow -Wno-sign-compare -Wno-uninitialized -Wno-unused-but-set-parameter -Wno-unused-but-set-variable -Wno-unused-parameter -Wno-unused-variable     -O3 -std=c++17 -I/home/chipyard_repro/chipyard/.conda-env/riscv-tools/include -I/home/chipyard_repro/chipyard/tools/DRAMSim2 -I/home/chipyard_repro/chipyard/sims/verilator/generated-src/chipyard.harness.TestHarness.Sha3RocketConfig/gen-collateral   -DVERILATOR -DVL_TIME_CONTEXT   -fcoroutines -include VTestDriver__pch.h.fast -c -o VTestDriver___024root__DepSet_hbb6e3b65__18.o VTestDriver___024root__DepSet_hbb6e3b65__18.cpp
/home/chipyard_repro/chipyard/.conda-env/bin/x86_64-conda-linux-gnu-c++ -Os  -I.  -MMD -I/home/chipyard_repro/chipyard/.conda-env/share/verilator/include -I/home/chipyard_repro/chipyard/.conda-env/share/verilator/include/vltstd -DVM_COVERAGE=0 -DVM_SC=0 -DVM_TRACE=0 -DVM_TRACE_FST=0 -DVM_TRACE_VCD=0 -faligned-new -fcf-protection=none -Wno-bool-operation -Wno-overloaded-virtual -Wno-shadow -Wno-sign-compare -Wno-uninitialized -Wno-unused-but-set-parameter -Wno-unused-but-set-variable -Wno-unused-parameter -Wno-unused-variable     -O3 -std=c++17 -I/home/chipyard_repro/chipyard/.conda-env/riscv-tools/include -I/home/chipyard_repro/chipyard/tools/DRAMSim2 -I/home/chipyard_repro/chipyard/sims/verilator/generated-src/chipyard.harness.TestHarness.Sha3RocketConfig/gen-collateral   -DVERILATOR -DVL_TIME_CONTEXT   -fcoroutines -include VTestDriver__pch.h.fast -c -o VTestDriver___024root__DepSet_hbb6e3b65__19.o VTestDriver___024root__DepSet_hbb6e3b65__19.cpp
/home/chipyard_repro/chipyard/.conda-env/bin/x86_64-conda-linux-gnu-c++ -Os  -I.  -MMD -I/home/chipyard_repro/chipyard/.conda-env/share/verilator/include -I/home/chipyard_repro/chipyard/.conda-env/share/verilator/include/vltstd -DVM_COVERAGE=0 -DVM_SC=0 -DVM_TRACE=0 -DVM_TRACE_FST=0 -DVM_TRACE_VCD=0 -faligned-new -fcf-protection=none -Wno-bool-operation -Wno-overloaded-virtual -Wno-shadow -Wno-sign-compare -Wno-uninitialized -Wno-unused-but-set-parameter -Wno-unused-but-set-variable -Wno-unused-parameter -Wno-unused-variable     -O3 -std=c++17 -I/home/chipyard_repro/chipyard/.conda-env/riscv-tools/include -I/home/chipyard_repro/chipyard/tools/DRAMSim2 -I/home/chipyard_repro/chipyard/sims/verilator/generated-src/chipyard.harness.TestHarness.Sha3RocketConfig/gen-collateral   -DVERILATOR -DVL_TIME_CONTEXT   -fcoroutines -include VTestDriver__pch.h.fast -c -o VTestDriver___024root__DepSet_hbb6e3b65__20.o VTestDriver___024root__DepSet_hbb6e3b65__20.cpp
/home/chipyard_repro/chipyard/.conda-env/bin/x86_64-conda-linux-gnu-c++ -Os  -I.  -MMD -I/home/chipyard_repro/chipyard/.conda-env/share/verilator/include -I/home/chipyard_repro/chipyard/.conda-env/share/verilator/include/vltstd -DVM_COVERAGE=0 -DVM_SC=0 -DVM_TRACE=0 -DVM_TRACE_FST=0 -DVM_TRACE_VCD=0 -faligned-new -fcf-protection=none -Wno-bool-operation -Wno-overloaded-virtual -Wno-shadow -Wno-sign-compare -Wno-uninitialized -Wno-unused-but-set-parameter -Wno-unused-but-set-variable -Wno-unused-parameter -Wno-unused-variable     -O3 -std=c++17 -I/home/chipyard_repro/chipyard/.conda-env/riscv-tools/include -I/home/chipyard_repro/chipyard/tools/DRAMSim2 -I/home/chipyard_repro/chipyard/sims/verilator/generated-src/chipyard.harness.TestHarness.Sha3RocketConfig/gen-collateral   -DVERILATOR -DVL_TIME_CONTEXT   -fcoroutines -include VTestDriver__pch.h.fast -c -o VTestDriver___024root__DepSet_hbb6e3b65__21.o VTestDriver___024root__DepSet_hbb6e3b65__21.cpp
/home/chipyard_repro/chipyard/.conda-env/bin/x86_64-conda-linux-gnu-c++ -Os  -I.  -MMD -I/home/chipyard_repro/chipyard/.conda-env/share/verilator/include -I/home/chipyard_repro/chipyard/.conda-env/share/verilator/include/vltstd -DVM_COVERAGE=0 -DVM_SC=0 -DVM_TRACE=0 -DVM_TRACE_FST=0 -DVM_TRACE_VCD=0 -faligned-new -fcf-protection=none -Wno-bool-operation -Wno-overloaded-virtual -Wno-shadow -Wno-sign-compare -Wno-uninitialized -Wno-unused-but-set-parameter -Wno-unused-but-set-variable -Wno-unused-parameter -Wno-unused-variable     -O3 -std=c++17 -I/home/chipyard_repro/chipyard/.conda-env/riscv-tools/include -I/home/chipyard_repro/chipyard/tools/DRAMSim2 -I/home/chipyard_repro/chipyard/sims/verilator/generated-src/chipyard.harness.TestHarness.Sha3RocketConfig/gen-collateral   -DVERILATOR -DVL_TIME_CONTEXT   -fcoroutines -include VTestDriver__pch.h.fast -c -o VTestDriver___024root__DepSet_hbb6e3b65__22.o VTestDriver___024root__DepSet_hbb6e3b65__22.cpp
/home/chipyard_repro/chipyard/.conda-env/bin/x86_64-conda-linux-gnu-c++ -Os  -I.  -MMD -I/home/chipyard_repro/chipyard/.conda-env/share/verilator/include -I/home/chipyard_repro/chipyard/.conda-env/share/verilator/include/vltstd -DVM_COVERAGE=0 -DVM_SC=0 -DVM_TRACE=0 -DVM_TRACE_FST=0 -DVM_TRACE_VCD=0 -faligned-new -fcf-protection=none -Wno-bool-operation -Wno-overloaded-virtual -Wno-shadow -Wno-sign-compare -Wno-uninitialized -Wno-unused-but-set-parameter -Wno-unused-but-set-variable -Wno-unused-parameter -Wno-unused-variable     -O3 -std=c++17 -I/home/chipyard_repro/chipyard/.conda-env/riscv-tools/include -I/home/chipyard_repro/chipyard/tools/DRAMSim2 -I/home/chipyard_repro/chipyard/sims/verilator/generated-src/chipyard.harness.TestHarness.Sha3RocketConfig/gen-collateral   -DVERILATOR -DVL_TIME_CONTEXT   -fcoroutines -include VTestDriver__pch.h.fast -c -o VTestDriver___024root__DepSet_hbb6e3b65__23.o VTestDriver___024root__DepSet_hbb6e3b65__23.cpp
/home/chipyard_repro/chipyard/.conda-env/bin/x86_64-conda-linux-gnu-c++ -Os  -I.  -MMD -I/home/chipyard_repro/chipyard/.conda-env/share/verilator/include -I/home/chipyard_repro/chipyard/.conda-env/share/verilator/include/vltstd -DVM_COVERAGE=0 -DVM_SC=0 -DVM_TRACE=0 -DVM_TRACE_FST=0 -DVM_TRACE_VCD=0 -faligned-new -fcf-protection=none -Wno-bool-operation -Wno-overloaded-virtual -Wno-shadow -Wno-sign-compare -Wno-uninitialized -Wno-unused-but-set-parameter -Wno-unused-but-set-variable -Wno-unused-parameter -Wno-unused-variable     -O3 -std=c++17 -I/home/chipyard_repro/chipyard/.conda-env/riscv-tools/include -I/home/chipyard_repro/chipyard/tools/DRAMSim2 -I/home/chipyard_repro/chipyard/sims/verilator/generated-src/chipyard.harness.TestHarness.Sha3RocketConfig/gen-collateral   -DVERILATOR -DVL_TIME_CONTEXT   -fcoroutines -include VTestDriver__pch.h.fast -c -o VTestDriver___024root__DepSet_hbb6e3b65__24.o VTestDriver___024root__DepSet_hbb6e3b65__24.cpp
/home/chipyard_repro/chipyard/.conda-env/bin/x86_64-conda-linux-gnu-c++ -Os  -I.  -MMD -I/home/chipyard_repro/chipyard/.conda-env/share/verilator/include -I/home/chipyard_repro/chipyard/.conda-env/share/verilator/include/vltstd -DVM_COVERAGE=0 -DVM_SC=0 -DVM_TRACE=0 -DVM_TRACE_FST=0 -DVM_TRACE_VCD=0 -faligned-new -fcf-protection=none -Wno-bool-operation -Wno-overloaded-virtual -Wno-shadow -Wno-sign-compare -Wno-uninitialized -Wno-unused-but-set-parameter -Wno-unused-but-set-variable -Wno-unused-parameter -Wno-unused-variable     -O3 -std=c++17 -I/home/chipyard_repro/chipyard/.conda-env/riscv-tools/include -I/home/chipyard_repro/chipyard/tools/DRAMSim2 -I/home/chipyard_repro/chipyard/sims/verilator/generated-src/chipyard.harness.TestHarness.Sha3RocketConfig/gen-collateral   -DVERILATOR -DVL_TIME_CONTEXT   -fcoroutines -include VTestDriver__pch.h.fast -c -o VTestDriver___024root__DepSet_hbb6e3b65__25.o VTestDriver___024root__DepSet_hbb6e3b65__25.cpp
/home/chipyard_repro/chipyard/.conda-env/bin/x86_64-conda-linux-gnu-c++ -Os  -I.  -MMD -I/home/chipyard_repro/chipyard/.conda-env/share/verilator/include -I/home/chipyard_repro/chipyard/.conda-env/share/verilator/include/vltstd -DVM_COVERAGE=0 -DVM_SC=0 -DVM_TRACE=0 -DVM_TRACE_FST=0 -DVM_TRACE_VCD=0 -faligned-new -fcf-protection=none -Wno-bool-operation -Wno-overloaded-virtual -Wno-shadow -Wno-sign-compare -Wno-uninitialized -Wno-unused-but-set-parameter -Wno-unused-but-set-variable -Wno-unused-parameter -Wno-unused-variable     -O3 -std=c++17 -I/home/chipyard_repro/chipyard/.conda-env/riscv-tools/include -I/home/chipyard_repro/chipyard/tools/DRAMSim2 -I/home/chipyard_repro/chipyard/sims/verilator/generated-src/chipyard.harness.TestHarness.Sha3RocketConfig/gen-collateral   -DVERILATOR -DVL_TIME_CONTEXT   -fcoroutines -include VTestDriver__pch.h.fast -c -o VTestDriver___024root__DepSet_hbb6e3b65__26.o VTestDriver___024root__DepSet_hbb6e3b65__26.cpp
/home/chipyard_repro/chipyard/.conda-env/bin/x86_64-conda-linux-gnu-c++ -Os  -I.  -MMD -I/home/chipyard_repro/chipyard/.conda-env/share/verilator/include -I/home/chipyard_repro/chipyard/.conda-env/share/verilator/include/vltstd -DVM_COVERAGE=0 -DVM_SC=0 -DVM_TRACE=0 -DVM_TRACE_FST=0 -DVM_TRACE_VCD=0 -faligned-new -fcf-protection=none -Wno-bool-operation -Wno-overloaded-virtual -Wno-shadow -Wno-sign-compare -Wno-uninitialized -Wno-unused-but-set-parameter -Wno-unused-but-set-variable -Wno-unused-parameter -Wno-unused-variable     -O3 -std=c++17 -I/home/chipyard_repro/chipyard/.conda-env/riscv-tools/include -I/home/chipyard_repro/chipyard/tools/DRAMSim2 -I/home/chipyard_repro/chipyard/sims/verilator/generated-src/chipyard.harness.TestHarness.Sha3RocketConfig/gen-collateral   -DVERILATOR -DVL_TIME_CONTEXT   -fcoroutines -include VTestDriver__pch.h.fast -c -o VTestDriver___024root__DepSet_hbb6e3b65__27.o VTestDriver___024root__DepSet_hbb6e3b65__27.cpp
/home/chipyard_repro/chipyard/.conda-env/bin/x86_64-conda-linux-gnu-c++ -Os  -I.  -MMD -I/home/chipyard_repro/chipyard/.conda-env/share/verilator/include -I/home/chipyard_repro/chipyard/.conda-env/share/verilator/include/vltstd -DVM_COVERAGE=0 -DVM_SC=0 -DVM_TRACE=0 -DVM_TRACE_FST=0 -DVM_TRACE_VCD=0 -faligned-new -fcf-protection=none -Wno-bool-operation -Wno-overloaded-virtual -Wno-shadow -Wno-sign-compare -Wno-uninitialized -Wno-unused-but-set-parameter -Wno-unused-but-set-variable -Wno-unused-parameter -Wno-unused-variable     -O3 -std=c++17 -I/home/chipyard_repro/chipyard/.conda-env/riscv-tools/include -I/home/chipyard_repro/chipyard/tools/DRAMSim2 -I/home/chipyard_repro/chipyard/sims/verilator/generated-src/chipyard.harness.TestHarness.Sha3RocketConfig/gen-collateral   -DVERILATOR -DVL_TIME_CONTEXT   -fcoroutines -include VTestDriver__pch.h.fast -c -o VTestDriver___024root__DepSet_hbb6e3b65__28.o VTestDriver___024root__DepSet_hbb6e3b65__28.cpp
/home/chipyard_repro/chipyard/.conda-env/bin/x86_64-conda-linux-gnu-c++ -Os  -I.  -MMD -I/home/chipyard_repro/chipyard/.conda-env/share/verilator/include -I/home/chipyard_repro/chipyard/.conda-env/share/verilator/include/vltstd -DVM_COVERAGE=0 -DVM_SC=0 -DVM_TRACE=0 -DVM_TRACE_FST=0 -DVM_TRACE_VCD=0 -faligned-new -fcf-protection=none -Wno-bool-operation -Wno-overloaded-virtual -Wno-shadow -Wno-sign-compare -Wno-uninitialized -Wno-unused-but-set-parameter -Wno-unused-but-set-variable -Wno-unused-parameter -Wno-unused-variable     -O3 -std=c++17 -I/home/chipyard_repro/chipyard/.conda-env/riscv-tools/include -I/home/chipyard_repro/chipyard/tools/DRAMSim2 -I/home/chipyard_repro/chipyard/sims/verilator/generated-src/chipyard.harness.TestHarness.Sha3RocketConfig/gen-collateral   -DVERILATOR -DVL_TIME_CONTEXT   -fcoroutines -include VTestDriver__pch.h.fast -c -o VTestDriver___024root__DepSet_hbb6e3b65__29.o VTestDriver___024root__DepSet_hbb6e3b65__29.cpp
/home/chipyard_repro/chipyard/.conda-env/bin/x86_64-conda-linux-gnu-c++ -Os  -I.  -MMD -I/home/chipyard_repro/chipyard/.conda-env/share/verilator/include -I/home/chipyard_repro/chipyard/.conda-env/share/verilator/include/vltstd -DVM_COVERAGE=0 -DVM_SC=0 -DVM_TRACE=0 -DVM_TRACE_FST=0 -DVM_TRACE_VCD=0 -faligned-new -fcf-protection=none -Wno-bool-operation -Wno-overloaded-virtual -Wno-shadow -Wno-sign-compare -Wno-uninitialized -Wno-unused-but-set-parameter -Wno-unused-but-set-variable -Wno-unused-parameter -Wno-unused-variable     -O3 -std=c++17 -I/home/chipyard_repro/chipyard/.conda-env/riscv-tools/include -I/home/chipyard_repro/chipyard/tools/DRAMSim2 -I/home/chipyard_repro/chipyard/sims/verilator/generated-src/chipyard.harness.TestHarness.Sha3RocketConfig/gen-collateral   -DVERILATOR -DVL_TIME_CONTEXT   -fcoroutines -include VTestDriver__pch.h.fast -c -o VTestDriver___024root__DepSet_hbb6e3b65__30.o VTestDriver___024root__DepSet_hbb6e3b65__30.cpp
/home/chipyard_repro/chipyard/.conda-env/bin/x86_64-conda-linux-gnu-c++ -Os  -I.  -MMD -I/home/chipyard_repro/chipyard/.conda-env/share/verilator/include -I/home/chipyard_repro/chipyard/.conda-env/share/verilator/include/vltstd -DVM_COVERAGE=0 -DVM_SC=0 -DVM_TRACE=0 -DVM_TRACE_FST=0 -DVM_TRACE_VCD=0 -faligned-new -fcf-protection=none -Wno-bool-operation -Wno-overloaded-virtual -Wno-shadow -Wno-sign-compare -Wno-uninitialized -Wno-unused-but-set-parameter -Wno-unused-but-set-variable -Wno-unused-parameter -Wno-unused-variable     -O3 -std=c++17 -I/home/chipyard_repro/chipyard/.conda-env/riscv-tools/include -I/home/chipyard_repro/chipyard/tools/DRAMSim2 -I/home/chipyard_repro/chipyard/sims/verilator/generated-src/chipyard.harness.TestHarness.Sha3RocketConfig/gen-collateral   -DVERILATOR -DVL_TIME_CONTEXT   -fcoroutines -include VTestDriver__pch.h.fast -c -o VTestDriver___024root__DepSet_hbb6e3b65__31.o VTestDriver___024root__DepSet_hbb6e3b65__31.cpp
/home/chipyard_repro/chipyard/.conda-env/bin/x86_64-conda-linux-gnu-c++ -Os  -I.  -MMD -I/home/chipyard_repro/chipyard/.conda-env/share/verilator/include -I/home/chipyard_repro/chipyard/.conda-env/share/verilator/include/vltstd -DVM_COVERAGE=0 -DVM_SC=0 -DVM_TRACE=0 -DVM_TRACE_FST=0 -DVM_TRACE_VCD=0 -faligned-new -fcf-protection=none -Wno-bool-operation -Wno-overloaded-virtual -Wno-shadow -Wno-sign-compare -Wno-uninitialized -Wno-unused-but-set-parameter -Wno-unused-but-set-variable -Wno-unused-parameter -Wno-unused-variable     -O3 -std=c++17 -I/home/chipyard_repro/chipyard/.conda-env/riscv-tools/include -I/home/chipyard_repro/chipyard/tools/DRAMSim2 -I/home/chipyard_repro/chipyard/sims/verilator/generated-src/chipyard.harness.TestHarness.Sha3RocketConfig/gen-collateral   -DVERILATOR -DVL_TIME_CONTEXT   -fcoroutines -include VTestDriver__pch.h.fast -c -o VTestDriver___024root__DepSet_hbb6e3b65__32.o VTestDriver___024root__DepSet_hbb6e3b65__32.cpp
/home/chipyard_repro/chipyard/.conda-env/bin/x86_64-conda-linux-gnu-c++ -Os  -I.  -MMD -I/home/chipyard_repro/chipyard/.conda-env/share/verilator/include -I/home/chipyard_repro/chipyard/.conda-env/share/verilator/include/vltstd -DVM_COVERAGE=0 -DVM_SC=0 -DVM_TRACE=0 -DVM_TRACE_FST=0 -DVM_TRACE_VCD=0 -faligned-new -fcf-protection=none -Wno-bool-operation -Wno-overloaded-virtual -Wno-shadow -Wno-sign-compare -Wno-uninitialized -Wno-unused-but-set-parameter -Wno-unused-but-set-variable -Wno-unused-parameter -Wno-unused-variable     -O3 -std=c++17 -I/home/chipyard_repro/chipyard/.conda-env/riscv-tools/include -I/home/chipyard_repro/chipyard/tools/DRAMSim2 -I/home/chipyard_repro/chipyard/sims/verilator/generated-src/chipyard.harness.TestHarness.Sha3RocketConfig/gen-collateral   -DVERILATOR -DVL_TIME_CONTEXT   -fcoroutines -include VTestDriver__pch.h.fast -c -o VTestDriver___024unit__DepSet_hf172cd27__0.o VTestDriver___024unit__DepSet_hf172cd27__0.cpp
/home/chipyard_repro/chipyard/.conda-env/bin/x86_64-conda-linux-gnu-c++ -Os  -I.  -MMD -I/home/chipyard_repro/chipyard/.conda-env/share/verilator/include -I/home/chipyard_repro/chipyard/.conda-env/share/verilator/include/vltstd -DVM_COVERAGE=0 -DVM_SC=0 -DVM_TRACE=0 -DVM_TRACE_FST=0 -DVM_TRACE_VCD=0 -faligned-new -fcf-protection=none -Wno-bool-operation -Wno-overloaded-virtual -Wno-shadow -Wno-sign-compare -Wno-uninitialized -Wno-unused-but-set-parameter -Wno-unused-but-set-variable -Wno-unused-parameter -Wno-unused-variable     -O3 -std=c++17 -I/home/chipyard_repro/chipyard/.conda-env/riscv-tools/include -I/home/chipyard_repro/chipyard/tools/DRAMSim2 -I/home/chipyard_repro/chipyard/sims/verilator/generated-src/chipyard.harness.TestHarness.Sha3RocketConfig/gen-collateral   -DVERILATOR -DVL_TIME_CONTEXT   -fcoroutines -include VTestDriver__pch.h.fast -c -o VTestDriver__main.o VTestDriver__main.cpp
/home/chipyard_repro/chipyard/.conda-env/bin/x86_64-conda-linux-gnu-c++ -Os  -I.  -MMD -I/home/chipyard_repro/chipyard/.conda-env/share/verilator/include -I/home/chipyard_repro/chipyard/.conda-env/share/verilator/include/vltstd -DVM_COVERAGE=0 -DVM_SC=0 -DVM_TRACE=0 -DVM_TRACE_FST=0 -DVM_TRACE_VCD=0 -faligned-new -fcf-protection=none -Wno-bool-operation -Wno-overloaded-virtual -Wno-shadow -Wno-sign-compare -Wno-uninitialized -Wno-unused-but-set-parameter -Wno-unused-but-set-variable -Wno-unused-parameter -Wno-unused-variable     -O3 -std=c++17 -I/home/chipyard_repro/chipyard/.conda-env/riscv-tools/include -I/home/chipyard_repro/chipyard/tools/DRAMSim2 -I/home/chipyard_repro/chipyard/sims/verilator/generated-src/chipyard.harness.TestHarness.Sha3RocketConfig/gen-collateral   -DVERILATOR -DVL_TIME_CONTEXT   -fcoroutines -include VTestDriver__pch.h.fast -c -o VTestDriver__Dpi.o VTestDriver__Dpi.cpp
/home/chipyard_repro/chipyard/.conda-env/bin/x86_64-conda-linux-gnu-c++   -I.  -MMD -I/home/chipyard_repro/chipyard/.conda-env/share/verilator/include -I/home/chipyard_repro/chipyard/.conda-env/share/verilator/include/vltstd -DVM_COVERAGE=0 -DVM_SC=0 -DVM_TRACE=0 -DVM_TRACE_FST=0 -DVM_TRACE_VCD=0 -faligned-new -fcf-protection=none -Wno-bool-operation -Wno-overloaded-virtual -Wno-shadow -Wno-sign-compare -Wno-uninitialized -Wno-unused-but-set-parameter -Wno-unused-but-set-variable -Wno-unused-parameter -Wno-unused-variable     -O3 -std=c++17 -I/home/chipyard_repro/chipyard/.conda-env/riscv-tools/include -I/home/chipyard_repro/chipyard/tools/DRAMSim2 -I/home/chipyard_repro/chipyard/sims/verilator/generated-src/chipyard.harness.TestHarness.Sha3RocketConfig/gen-collateral   -DVERILATOR -DVL_TIME_CONTEXT   -fcoroutines -x c++-header VTestDriver__pch.h -o VTestDriver__pch.h.slow.gch
/home/chipyard_repro/chipyard/.conda-env/bin/x86_64-conda-linux-gnu-c++   -I.  -MMD -I/home/chipyard_repro/chipyard/.conda-env/share/verilator/include -I/home/chipyard_repro/chipyard/.conda-env/share/verilator/include/vltstd -DVM_COVERAGE=0 -DVM_SC=0 -DVM_TRACE=0 -DVM_TRACE_FST=0 -DVM_TRACE_VCD=0 -faligned-new -fcf-protection=none -Wno-bool-operation -Wno-overloaded-virtual -Wno-shadow -Wno-sign-compare -Wno-uninitialized -Wno-unused-but-set-parameter -Wno-unused-but-set-variable -Wno-unused-parameter -Wno-unused-variable     -O3 -std=c++17 -I/home/chipyard_repro/chipyard/.conda-env/riscv-tools/include -I/home/chipyard_repro/chipyard/tools/DRAMSim2 -I/home/chipyard_repro/chipyard/sims/verilator/generated-src/chipyard.harness.TestHarness.Sha3RocketConfig/gen-collateral   -DVERILATOR -DVL_TIME_CONTEXT   -fcoroutines -include VTestDriver__pch.h.slow -c -o VTestDriver__ConstPool_0.o VTestDriver__ConstPool_0.cpp
/home/chipyard_repro/chipyard/.conda-env/bin/x86_64-conda-linux-gnu-c++   -I.  -MMD -I/home/chipyard_repro/chipyard/.conda-env/share/verilator/include -I/home/chipyard_repro/chipyard/.conda-env/share/verilator/include/vltstd -DVM_COVERAGE=0 -DVM_SC=0 -DVM_TRACE=0 -DVM_TRACE_FST=0 -DVM_TRACE_VCD=0 -faligned-new -fcf-protection=none -Wno-bool-operation -Wno-overloaded-virtual -Wno-shadow -Wno-sign-compare -Wno-uninitialized -Wno-unused-but-set-parameter -Wno-unused-but-set-variable -Wno-unused-parameter -Wno-unused-variable     -O3 -std=c++17 -I/home/chipyard_repro/chipyard/.conda-env/riscv-tools/include -I/home/chipyard_repro/chipyard/tools/DRAMSim2 -I/home/chipyard_repro/chipyard/sims/verilator/generated-src/chipyard.harness.TestHarness.Sha3RocketConfig/gen-collateral   -DVERILATOR -DVL_TIME_CONTEXT   -fcoroutines -include VTestDriver__pch.h.slow -c -o VTestDriver__ConstPool_1.o VTestDriver__ConstPool_1.cpp
/home/chipyard_repro/chipyard/.conda-env/bin/x86_64-conda-linux-gnu-c++   -I.  -MMD -I/home/chipyard_repro/chipyard/.conda-env/share/verilator/include -I/home/chipyard_repro/chipyard/.conda-env/share/verilator/include/vltstd -DVM_COVERAGE=0 -DVM_SC=0 -DVM_TRACE=0 -DVM_TRACE_FST=0 -DVM_TRACE_VCD=0 -faligned-new -fcf-protection=none -Wno-bool-operation -Wno-overloaded-virtual -Wno-shadow -Wno-sign-compare -Wno-uninitialized -Wno-unused-but-set-parameter -Wno-unused-but-set-variable -Wno-unused-parameter -Wno-unused-variable     -O3 -std=c++17 -I/home/chipyard_repro/chipyard/.conda-env/riscv-tools/include -I/home/chipyard_repro/chipyard/tools/DRAMSim2 -I/home/chipyard_repro/chipyard/sims/verilator/generated-src/chipyard.harness.TestHarness.Sha3RocketConfig/gen-collateral   -DVERILATOR -DVL_TIME_CONTEXT   -fcoroutines -include VTestDriver__pch.h.slow -c -o VTestDriver__ConstPool_2.o VTestDriver__ConstPool_2.cpp
/home/chipyard_repro/chipyard/.conda-env/bin/x86_64-conda-linux-gnu-c++   -I.  -MMD -I/home/chipyard_repro/chipyard/.conda-env/share/verilator/include -I/home/chipyard_repro/chipyard/.conda-env/share/verilator/include/vltstd -DVM_COVERAGE=0 -DVM_SC=0 -DVM_TRACE=0 -DVM_TRACE_FST=0 -DVM_TRACE_VCD=0 -faligned-new -fcf-protection=none -Wno-bool-operation -Wno-overloaded-virtual -Wno-shadow -Wno-sign-compare -Wno-uninitialized -Wno-unused-but-set-parameter -Wno-unused-but-set-variable -Wno-unused-parameter -Wno-unused-variable     -O3 -std=c++17 -I/home/chipyard_repro/chipyard/.conda-env/riscv-tools/include -I/home/chipyard_repro/chipyard/tools/DRAMSim2 -I/home/chipyard_repro/chipyard/sims/verilator/generated-src/chipyard.harness.TestHarness.Sha3RocketConfig/gen-collateral   -DVERILATOR -DVL_TIME_CONTEXT   -fcoroutines -include VTestDriver__pch.h.slow -c -o VTestDriver___024root__Slow.o VTestDriver___024root__Slow.cpp
/home/chipyard_repro/chipyard/.conda-env/bin/x86_64-conda-linux-gnu-c++   -I.  -MMD -I/home/chipyard_repro/chipyard/.conda-env/share/verilator/include -I/home/chipyard_repro/chipyard/.conda-env/share/verilator/include/vltstd -DVM_COVERAGE=0 -DVM_SC=0 -DVM_TRACE=0 -DVM_TRACE_FST=0 -DVM_TRACE_VCD=0 -faligned-new -fcf-protection=none -Wno-bool-operation -Wno-overloaded-virtual -Wno-shadow -Wno-sign-compare -Wno-uninitialized -Wno-unused-but-set-parameter -Wno-unused-but-set-variable -Wno-unused-parameter -Wno-unused-variable     -O3 -std=c++17 -I/home/chipyard_repro/chipyard/.conda-env/riscv-tools/include -I/home/chipyard_repro/chipyard/tools/DRAMSim2 -I/home/chipyard_repro/chipyard/sims/verilator/generated-src/chipyard.harness.TestHarness.Sha3RocketConfig/gen-collateral   -DVERILATOR -DVL_TIME_CONTEXT   -fcoroutines -include VTestDriver__pch.h.slow -c -o VTestDriver___024root__DepSet_h662e1026__0__Slow.o VTestDriver___024root__DepSet_h662e1026__0__Slow.cpp
/home/chipyard_repro/chipyard/.conda-env/bin/x86_64-conda-linux-gnu-c++   -I.  -MMD -I/home/chipyard_repro/chipyard/.conda-env/share/verilator/include -I/home/chipyard_repro/chipyard/.conda-env/share/verilator/include/vltstd -DVM_COVERAGE=0 -DVM_SC=0 -DVM_TRACE=0 -DVM_TRACE_FST=0 -DVM_TRACE_VCD=0 -faligned-new -fcf-protection=none -Wno-bool-operation -Wno-overloaded-virtual -Wno-shadow -Wno-sign-compare -Wno-uninitialized -Wno-unused-but-set-parameter -Wno-unused-but-set-variable -Wno-unused-parameter -Wno-unused-variable     -O3 -std=c++17 -I/home/chipyard_repro/chipyard/.conda-env/riscv-tools/include -I/home/chipyard_repro/chipyard/tools/DRAMSim2 -I/home/chipyard_repro/chipyard/sims/verilator/generated-src/chipyard.harness.TestHarness.Sha3RocketConfig/gen-collateral   -DVERILATOR -DVL_TIME_CONTEXT   -fcoroutines -include VTestDriver__pch.h.slow -c -o VTestDriver___024root__DepSet_hbb6e3b65__0__Slow.o VTestDriver___024root__DepSet_hbb6e3b65__0__Slow.cpp
/home/chipyard_repro/chipyard/.conda-env/bin/x86_64-conda-linux-gnu-c++   -I.  -MMD -I/home/chipyard_repro/chipyard/.conda-env/share/verilator/include -I/home/chipyard_repro/chipyard/.conda-env/share/verilator/include/vltstd -DVM_COVERAGE=0 -DVM_SC=0 -DVM_TRACE=0 -DVM_TRACE_FST=0 -DVM_TRACE_VCD=0 -faligned-new -fcf-protection=none -Wno-bool-operation -Wno-overloaded-virtual -Wno-shadow -Wno-sign-compare -Wno-uninitialized -Wno-unused-but-set-parameter -Wno-unused-but-set-variable -Wno-unused-parameter -Wno-unused-variable     -O3 -std=c++17 -I/home/chipyard_repro/chipyard/.conda-env/riscv-tools/include -I/home/chipyard_repro/chipyard/tools/DRAMSim2 -I/home/chipyard_repro/chipyard/sims/verilator/generated-src/chipyard.harness.TestHarness.Sha3RocketConfig/gen-collateral   -DVERILATOR -DVL_TIME_CONTEXT   -fcoroutines -include VTestDriver__pch.h.slow -c -o VTestDriver___024root__DepSet_hbb6e3b65__1__Slow.o VTestDriver___024root__DepSet_hbb6e3b65__1__Slow.cpp
/home/chipyard_repro/chipyard/.conda-env/bin/x86_64-conda-linux-gnu-c++   -I.  -MMD -I/home/chipyard_repro/chipyard/.conda-env/share/verilator/include -I/home/chipyard_repro/chipyard/.conda-env/share/verilator/include/vltstd -DVM_COVERAGE=0 -DVM_SC=0 -DVM_TRACE=0 -DVM_TRACE_FST=0 -DVM_TRACE_VCD=0 -faligned-new -fcf-protection=none -Wno-bool-operation -Wno-overloaded-virtual -Wno-shadow -Wno-sign-compare -Wno-uninitialized -Wno-unused-but-set-parameter -Wno-unused-but-set-variable -Wno-unused-parameter -Wno-unused-variable     -O3 -std=c++17 -I/home/chipyard_repro/chipyard/.conda-env/riscv-tools/include -I/home/chipyard_repro/chipyard/tools/DRAMSim2 -I/home/chipyard_repro/chipyard/sims/verilator/generated-src/chipyard.harness.TestHarness.Sha3RocketConfig/gen-collateral   -DVERILATOR -DVL_TIME_CONTEXT   -fcoroutines -include VTestDriver__pch.h.slow -c -o VTestDriver___024root__DepSet_hbb6e3b65__2__Slow.o VTestDriver___024root__DepSet_hbb6e3b65__2__Slow.cpp
/home/chipyard_repro/chipyard/.conda-env/bin/x86_64-conda-linux-gnu-c++   -I.  -MMD -I/home/chipyard_repro/chipyard/.conda-env/share/verilator/include -I/home/chipyard_repro/chipyard/.conda-env/share/verilator/include/vltstd -DVM_COVERAGE=0 -DVM_SC=0 -DVM_TRACE=0 -DVM_TRACE_FST=0 -DVM_TRACE_VCD=0 -faligned-new -fcf-protection=none -Wno-bool-operation -Wno-overloaded-virtual -Wno-shadow -Wno-sign-compare -Wno-uninitialized -Wno-unused-but-set-parameter -Wno-unused-but-set-variable -Wno-unused-parameter -Wno-unused-variable     -O3 -std=c++17 -I/home/chipyard_repro/chipyard/.conda-env/riscv-tools/include -I/home/chipyard_repro/chipyard/tools/DRAMSim2 -I/home/chipyard_repro/chipyard/sims/verilator/generated-src/chipyard.harness.TestHarness.Sha3RocketConfig/gen-collateral   -DVERILATOR -DVL_TIME_CONTEXT   -fcoroutines -include VTestDriver__pch.h.slow -c -o VTestDriver___024root__DepSet_hbb6e3b65__3__Slow.o VTestDriver___024root__DepSet_hbb6e3b65__3__Slow.cpp
/home/chipyard_repro/chipyard/.conda-env/bin/x86_64-conda-linux-gnu-c++   -I.  -MMD -I/home/chipyard_repro/chipyard/.conda-env/share/verilator/include -I/home/chipyard_repro/chipyard/.conda-env/share/verilator/include/vltstd -DVM_COVERAGE=0 -DVM_SC=0 -DVM_TRACE=0 -DVM_TRACE_FST=0 -DVM_TRACE_VCD=0 -faligned-new -fcf-protection=none -Wno-bool-operation -Wno-overloaded-virtual -Wno-shadow -Wno-sign-compare -Wno-uninitialized -Wno-unused-but-set-parameter -Wno-unused-but-set-variable -Wno-unused-parameter -Wno-unused-variable     -O3 -std=c++17 -I/home/chipyard_repro/chipyard/.conda-env/riscv-tools/include -I/home/chipyard_repro/chipyard/tools/DRAMSim2 -I/home/chipyard_repro/chipyard/sims/verilator/generated-src/chipyard.harness.TestHarness.Sha3RocketConfig/gen-collateral   -DVERILATOR -DVL_TIME_CONTEXT   -fcoroutines -include VTestDriver__pch.h.slow -c -o VTestDriver___024root__DepSet_hbb6e3b65__4__Slow.o VTestDriver___024root__DepSet_hbb6e3b65__4__Slow.cpp
/home/chipyard_repro/chipyard/.conda-env/bin/x86_64-conda-linux-gnu-c++   -I.  -MMD -I/home/chipyard_repro/chipyard/.conda-env/share/verilator/include -I/home/chipyard_repro/chipyard/.conda-env/share/verilator/include/vltstd -DVM_COVERAGE=0 -DVM_SC=0 -DVM_TRACE=0 -DVM_TRACE_FST=0 -DVM_TRACE_VCD=0 -faligned-new -fcf-protection=none -Wno-bool-operation -Wno-overloaded-virtual -Wno-shadow -Wno-sign-compare -Wno-uninitialized -Wno-unused-but-set-parameter -Wno-unused-but-set-variable -Wno-unused-parameter -Wno-unused-variable     -O3 -std=c++17 -I/home/chipyard_repro/chipyard/.conda-env/riscv-tools/include -I/home/chipyard_repro/chipyard/tools/DRAMSim2 -I/home/chipyard_repro/chipyard/sims/verilator/generated-src/chipyard.harness.TestHarness.Sha3RocketConfig/gen-collateral   -DVERILATOR -DVL_TIME_CONTEXT   -fcoroutines -include VTestDriver__pch.h.slow -c -o VTestDriver___024root__DepSet_hbb6e3b65__5__Slow.o VTestDriver___024root__DepSet_hbb6e3b65__5__Slow.cpp
/home/chipyard_repro/chipyard/.conda-env/bin/x86_64-conda-linux-gnu-c++   -I.  -MMD -I/home/chipyard_repro/chipyard/.conda-env/share/verilator/include -I/home/chipyard_repro/chipyard/.conda-env/share/verilator/include/vltstd -DVM_COVERAGE=0 -DVM_SC=0 -DVM_TRACE=0 -DVM_TRACE_FST=0 -DVM_TRACE_VCD=0 -faligned-new -fcf-protection=none -Wno-bool-operation -Wno-overloaded-virtual -Wno-shadow -Wno-sign-compare -Wno-uninitialized -Wno-unused-but-set-parameter -Wno-unused-but-set-variable -Wno-unused-parameter -Wno-unused-variable     -O3 -std=c++17 -I/home/chipyard_repro/chipyard/.conda-env/riscv-tools/include -I/home/chipyard_repro/chipyard/tools/DRAMSim2 -I/home/chipyard_repro/chipyard/sims/verilator/generated-src/chipyard.harness.TestHarness.Sha3RocketConfig/gen-collateral   -DVERILATOR -DVL_TIME_CONTEXT   -fcoroutines -include VTestDriver__pch.h.slow -c -o VTestDriver___024root__DepSet_hbb6e3b65__6__Slow.o VTestDriver___024root__DepSet_hbb6e3b65__6__Slow.cpp
/home/chipyard_repro/chipyard/.conda-env/bin/x86_64-conda-linux-gnu-c++   -I.  -MMD -I/home/chipyard_repro/chipyard/.conda-env/share/verilator/include -I/home/chipyard_repro/chipyard/.conda-env/share/verilator/include/vltstd -DVM_COVERAGE=0 -DVM_SC=0 -DVM_TRACE=0 -DVM_TRACE_FST=0 -DVM_TRACE_VCD=0 -faligned-new -fcf-protection=none -Wno-bool-operation -Wno-overloaded-virtual -Wno-shadow -Wno-sign-compare -Wno-uninitialized -Wno-unused-but-set-parameter -Wno-unused-but-set-variable -Wno-unused-parameter -Wno-unused-variable     -O3 -std=c++17 -I/home/chipyard_repro/chipyard/.conda-env/riscv-tools/include -I/home/chipyard_repro/chipyard/tools/DRAMSim2 -I/home/chipyard_repro/chipyard/sims/verilator/generated-src/chipyard.harness.TestHarness.Sha3RocketConfig/gen-collateral   -DVERILATOR -DVL_TIME_CONTEXT   -fcoroutines -include VTestDriver__pch.h.slow -c -o VTestDriver___024root__DepSet_hbb6e3b65__7__Slow.o VTestDriver___024root__DepSet_hbb6e3b65__7__Slow.cpp
/home/chipyard_repro/chipyard/.conda-env/bin/x86_64-conda-linux-gnu-c++   -I.  -MMD -I/home/chipyard_repro/chipyard/.conda-env/share/verilator/include -I/home/chipyard_repro/chipyard/.conda-env/share/verilator/include/vltstd -DVM_COVERAGE=0 -DVM_SC=0 -DVM_TRACE=0 -DVM_TRACE_FST=0 -DVM_TRACE_VCD=0 -faligned-new -fcf-protection=none -Wno-bool-operation -Wno-overloaded-virtual -Wno-shadow -Wno-sign-compare -Wno-uninitialized -Wno-unused-but-set-parameter -Wno-unused-but-set-variable -Wno-unused-parameter -Wno-unused-variable     -O3 -std=c++17 -I/home/chipyard_repro/chipyard/.conda-env/riscv-tools/include -I/home/chipyard_repro/chipyard/tools/DRAMSim2 -I/home/chipyard_repro/chipyard/sims/verilator/generated-src/chipyard.harness.TestHarness.Sha3RocketConfig/gen-collateral   -DVERILATOR -DVL_TIME_CONTEXT   -fcoroutines -include VTestDriver__pch.h.slow -c -o VTestDriver___024root__DepSet_hbb6e3b65__8__Slow.o VTestDriver___024root__DepSet_hbb6e3b65__8__Slow.cpp
/home/chipyard_repro/chipyard/.conda-env/bin/x86_64-conda-linux-gnu-c++   -I.  -MMD -I/home/chipyard_repro/chipyard/.conda-env/share/verilator/include -I/home/chipyard_repro/chipyard/.conda-env/share/verilator/include/vltstd -DVM_COVERAGE=0 -DVM_SC=0 -DVM_TRACE=0 -DVM_TRACE_FST=0 -DVM_TRACE_VCD=0 -faligned-new -fcf-protection=none -Wno-bool-operation -Wno-overloaded-virtual -Wno-shadow -Wno-sign-compare -Wno-uninitialized -Wno-unused-but-set-parameter -Wno-unused-but-set-variable -Wno-unused-parameter -Wno-unused-variable     -O3 -std=c++17 -I/home/chipyard_repro/chipyard/.conda-env/riscv-tools/include -I/home/chipyard_repro/chipyard/tools/DRAMSim2 -I/home/chipyard_repro/chipyard/sims/verilator/generated-src/chipyard.harness.TestHarness.Sha3RocketConfig/gen-collateral   -DVERILATOR -DVL_TIME_CONTEXT   -fcoroutines -include VTestDriver__pch.h.slow -c -o VTestDriver___024root__DepSet_hbb6e3b65__9__Slow.o VTestDriver___024root__DepSet_hbb6e3b65__9__Slow.cpp
/home/chipyard_repro/chipyard/.conda-env/bin/x86_64-conda-linux-gnu-c++   -I.  -MMD -I/home/chipyard_repro/chipyard/.conda-env/share/verilator/include -I/home/chipyard_repro/chipyard/.conda-env/share/verilator/include/vltstd -DVM_COVERAGE=0 -DVM_SC=0 -DVM_TRACE=0 -DVM_TRACE_FST=0 -DVM_TRACE_VCD=0 -faligned-new -fcf-protection=none -Wno-bool-operation -Wno-overloaded-virtual -Wno-shadow -Wno-sign-compare -Wno-uninitialized -Wno-unused-but-set-parameter -Wno-unused-but-set-variable -Wno-unused-parameter -Wno-unused-variable     -O3 -std=c++17 -I/home/chipyard_repro/chipyard/.conda-env/riscv-tools/include -I/home/chipyard_repro/chipyard/tools/DRAMSim2 -I/home/chipyard_repro/chipyard/sims/verilator/generated-src/chipyard.harness.TestHarness.Sha3RocketConfig/gen-collateral   -DVERILATOR -DVL_TIME_CONTEXT   -fcoroutines -include VTestDriver__pch.h.slow -c -o VTestDriver___024root__DepSet_hbb6e3b65__10__Slow.o VTestDriver___024root__DepSet_hbb6e3b65__10__Slow.cpp
/home/chipyard_repro/chipyard/.conda-env/bin/x86_64-conda-linux-gnu-c++   -I.  -MMD -I/home/chipyard_repro/chipyard/.conda-env/share/verilator/include -I/home/chipyard_repro/chipyard/.conda-env/share/verilator/include/vltstd -DVM_COVERAGE=0 -DVM_SC=0 -DVM_TRACE=0 -DVM_TRACE_FST=0 -DVM_TRACE_VCD=0 -faligned-new -fcf-protection=none -Wno-bool-operation -Wno-overloaded-virtual -Wno-shadow -Wno-sign-compare -Wno-uninitialized -Wno-unused-but-set-parameter -Wno-unused-but-set-variable -Wno-unused-parameter -Wno-unused-variable     -O3 -std=c++17 -I/home/chipyard_repro/chipyard/.conda-env/riscv-tools/include -I/home/chipyard_repro/chipyard/tools/DRAMSim2 -I/home/chipyard_repro/chipyard/sims/verilator/generated-src/chipyard.harness.TestHarness.Sha3RocketConfig/gen-collateral   -DVERILATOR -DVL_TIME_CONTEXT   -fcoroutines -include VTestDriver__pch.h.slow -c -o VTestDriver___024root__DepSet_hbb6e3b65__11__Slow.o VTestDriver___024root__DepSet_hbb6e3b65__11__Slow.cpp
/home/chipyard_repro/chipyard/.conda-env/bin/x86_64-conda-linux-gnu-c++   -I.  -MMD -I/home/chipyard_repro/chipyard/.conda-env/share/verilator/include -I/home/chipyard_repro/chipyard/.conda-env/share/verilator/include/vltstd -DVM_COVERAGE=0 -DVM_SC=0 -DVM_TRACE=0 -DVM_TRACE_FST=0 -DVM_TRACE_VCD=0 -faligned-new -fcf-protection=none -Wno-bool-operation -Wno-overloaded-virtual -Wno-shadow -Wno-sign-compare -Wno-uninitialized -Wno-unused-but-set-parameter -Wno-unused-but-set-variable -Wno-unused-parameter -Wno-unused-variable     -O3 -std=c++17 -I/home/chipyard_repro/chipyard/.conda-env/riscv-tools/include -I/home/chipyard_repro/chipyard/tools/DRAMSim2 -I/home/chipyard_repro/chipyard/sims/verilator/generated-src/chipyard.harness.TestHarness.Sha3RocketConfig/gen-collateral   -DVERILATOR -DVL_TIME_CONTEXT   -fcoroutines -include VTestDriver__pch.h.slow -c -o VTestDriver___024root__DepSet_hbb6e3b65__12__Slow.o VTestDriver___024root__DepSet_hbb6e3b65__12__Slow.cpp
/home/chipyard_repro/chipyard/.conda-env/bin/x86_64-conda-linux-gnu-c++   -I.  -MMD -I/home/chipyard_repro/chipyard/.conda-env/share/verilator/include -I/home/chipyard_repro/chipyard/.conda-env/share/verilator/include/vltstd -DVM_COVERAGE=0 -DVM_SC=0 -DVM_TRACE=0 -DVM_TRACE_FST=0 -DVM_TRACE_VCD=0 -faligned-new -fcf-protection=none -Wno-bool-operation -Wno-overloaded-virtual -Wno-shadow -Wno-sign-compare -Wno-uninitialized -Wno-unused-but-set-parameter -Wno-unused-but-set-variable -Wno-unused-parameter -Wno-unused-variable     -O3 -std=c++17 -I/home/chipyard_repro/chipyard/.conda-env/riscv-tools/include -I/home/chipyard_repro/chipyard/tools/DRAMSim2 -I/home/chipyard_repro/chipyard/sims/verilator/generated-src/chipyard.harness.TestHarness.Sha3RocketConfig/gen-collateral   -DVERILATOR -DVL_TIME_CONTEXT   -fcoroutines -include VTestDriver__pch.h.slow -c -o VTestDriver___024root__DepSet_hbb6e3b65__13__Slow.o VTestDriver___024root__DepSet_hbb6e3b65__13__Slow.cpp
/home/chipyard_repro/chipyard/.conda-env/bin/x86_64-conda-linux-gnu-c++   -I.  -MMD -I/home/chipyard_repro/chipyard/.conda-env/share/verilator/include -I/home/chipyard_repro/chipyard/.conda-env/share/verilator/include/vltstd -DVM_COVERAGE=0 -DVM_SC=0 -DVM_TRACE=0 -DVM_TRACE_FST=0 -DVM_TRACE_VCD=0 -faligned-new -fcf-protection=none -Wno-bool-operation -Wno-overloaded-virtual -Wno-shadow -Wno-sign-compare -Wno-uninitialized -Wno-unused-but-set-parameter -Wno-unused-but-set-variable -Wno-unused-parameter -Wno-unused-variable     -O3 -std=c++17 -I/home/chipyard_repro/chipyard/.conda-env/riscv-tools/include -I/home/chipyard_repro/chipyard/tools/DRAMSim2 -I/home/chipyard_repro/chipyard/sims/verilator/generated-src/chipyard.harness.TestHarness.Sha3RocketConfig/gen-collateral   -DVERILATOR -DVL_TIME_CONTEXT   -fcoroutines -include VTestDriver__pch.h.slow -c -o VTestDriver___024root__DepSet_hbb6e3b65__14__Slow.o VTestDriver___024root__DepSet_hbb6e3b65__14__Slow.cpp
/home/chipyard_repro/chipyard/.conda-env/bin/x86_64-conda-linux-gnu-c++   -I.  -MMD -I/home/chipyard_repro/chipyard/.conda-env/share/verilator/include -I/home/chipyard_repro/chipyard/.conda-env/share/verilator/include/vltstd -DVM_COVERAGE=0 -DVM_SC=0 -DVM_TRACE=0 -DVM_TRACE_FST=0 -DVM_TRACE_VCD=0 -faligned-new -fcf-protection=none -Wno-bool-operation -Wno-overloaded-virtual -Wno-shadow -Wno-sign-compare -Wno-uninitialized -Wno-unused-but-set-parameter -Wno-unused-but-set-variable -Wno-unused-parameter -Wno-unused-variable     -O3 -std=c++17 -I/home/chipyard_repro/chipyard/.conda-env/riscv-tools/include -I/home/chipyard_repro/chipyard/tools/DRAMSim2 -I/home/chipyard_repro/chipyard/sims/verilator/generated-src/chipyard.harness.TestHarness.Sha3RocketConfig/gen-collateral   -DVERILATOR -DVL_TIME_CONTEXT   -fcoroutines -include VTestDriver__pch.h.slow -c -o VTestDriver___024root__DepSet_hbb6e3b65__15__Slow.o VTestDriver___024root__DepSet_hbb6e3b65__15__Slow.cpp
/home/chipyard_repro/chipyard/.conda-env/bin/x86_64-conda-linux-gnu-c++   -I.  -MMD -I/home/chipyard_repro/chipyard/.conda-env/share/verilator/include -I/home/chipyard_repro/chipyard/.conda-env/share/verilator/include/vltstd -DVM_COVERAGE=0 -DVM_SC=0 -DVM_TRACE=0 -DVM_TRACE_FST=0 -DVM_TRACE_VCD=0 -faligned-new -fcf-protection=none -Wno-bool-operation -Wno-overloaded-virtual -Wno-shadow -Wno-sign-compare -Wno-uninitialized -Wno-unused-but-set-parameter -Wno-unused-but-set-variable -Wno-unused-parameter -Wno-unused-variable     -O3 -std=c++17 -I/home/chipyard_repro/chipyard/.conda-env/riscv-tools/include -I/home/chipyard_repro/chipyard/tools/DRAMSim2 -I/home/chipyard_repro/chipyard/sims/verilator/generated-src/chipyard.harness.TestHarness.Sha3RocketConfig/gen-collateral   -DVERILATOR -DVL_TIME_CONTEXT   -fcoroutines -include VTestDriver__pch.h.slow -c -o VTestDriver___024root__DepSet_hbb6e3b65__16__Slow.o VTestDriver___024root__DepSet_hbb6e3b65__16__Slow.cpp
/home/chipyard_repro/chipyard/.conda-env/bin/x86_64-conda-linux-gnu-c++   -I.  -MMD -I/home/chipyard_repro/chipyard/.conda-env/share/verilator/include -I/home/chipyard_repro/chipyard/.conda-env/share/verilator/include/vltstd -DVM_COVERAGE=0 -DVM_SC=0 -DVM_TRACE=0 -DVM_TRACE_FST=0 -DVM_TRACE_VCD=0 -faligned-new -fcf-protection=none -Wno-bool-operation -Wno-overloaded-virtual -Wno-shadow -Wno-sign-compare -Wno-uninitialized -Wno-unused-but-set-parameter -Wno-unused-but-set-variable -Wno-unused-parameter -Wno-unused-variable     -O3 -std=c++17 -I/home/chipyard_repro/chipyard/.conda-env/riscv-tools/include -I/home/chipyard_repro/chipyard/tools/DRAMSim2 -I/home/chipyard_repro/chipyard/sims/verilator/generated-src/chipyard.harness.TestHarness.Sha3RocketConfig/gen-collateral   -DVERILATOR -DVL_TIME_CONTEXT   -fcoroutines -include VTestDriver__pch.h.slow -c -o VTestDriver___024root__DepSet_hbb6e3b65__17__Slow.o VTestDriver___024root__DepSet_hbb6e3b65__17__Slow.cpp
/home/chipyard_repro/chipyard/.conda-env/bin/x86_64-conda-linux-gnu-c++   -I.  -MMD -I/home/chipyard_repro/chipyard/.conda-env/share/verilator/include -I/home/chipyard_repro/chipyard/.conda-env/share/verilator/include/vltstd -DVM_COVERAGE=0 -DVM_SC=0 -DVM_TRACE=0 -DVM_TRACE_FST=0 -DVM_TRACE_VCD=0 -faligned-new -fcf-protection=none -Wno-bool-operation -Wno-overloaded-virtual -Wno-shadow -Wno-sign-compare -Wno-uninitialized -Wno-unused-but-set-parameter -Wno-unused-but-set-variable -Wno-unused-parameter -Wno-unused-variable     -O3 -std=c++17 -I/home/chipyard_repro/chipyard/.conda-env/riscv-tools/include -I/home/chipyard_repro/chipyard/tools/DRAMSim2 -I/home/chipyard_repro/chipyard/sims/verilator/generated-src/chipyard.harness.TestHarness.Sha3RocketConfig/gen-collateral   -DVERILATOR -DVL_TIME_CONTEXT   -fcoroutines -include VTestDriver__pch.h.slow -c -o VTestDriver___024root__DepSet_hbb6e3b65__18__Slow.o VTestDriver___024root__DepSet_hbb6e3b65__18__Slow.cpp
/home/chipyard_repro/chipyard/.conda-env/bin/x86_64-conda-linux-gnu-c++   -I.  -MMD -I/home/chipyard_repro/chipyard/.conda-env/share/verilator/include -I/home/chipyard_repro/chipyard/.conda-env/share/verilator/include/vltstd -DVM_COVERAGE=0 -DVM_SC=0 -DVM_TRACE=0 -DVM_TRACE_FST=0 -DVM_TRACE_VCD=0 -faligned-new -fcf-protection=none -Wno-bool-operation -Wno-overloaded-virtual -Wno-shadow -Wno-sign-compare -Wno-uninitialized -Wno-unused-but-set-parameter -Wno-unused-but-set-variable -Wno-unused-parameter -Wno-unused-variable     -O3 -std=c++17 -I/home/chipyard_repro/chipyard/.conda-env/riscv-tools/include -I/home/chipyard_repro/chipyard/tools/DRAMSim2 -I/home/chipyard_repro/chipyard/sims/verilator/generated-src/chipyard.harness.TestHarness.Sha3RocketConfig/gen-collateral   -DVERILATOR -DVL_TIME_CONTEXT   -fcoroutines -include VTestDriver__pch.h.slow -c -o VTestDriver___024root__DepSet_hbb6e3b65__19__Slow.o VTestDriver___024root__DepSet_hbb6e3b65__19__Slow.cpp
/home/chipyard_repro/chipyard/.conda-env/bin/x86_64-conda-linux-gnu-c++   -I.  -MMD -I/home/chipyard_repro/chipyard/.conda-env/share/verilator/include -I/home/chipyard_repro/chipyard/.conda-env/share/verilator/include/vltstd -DVM_COVERAGE=0 -DVM_SC=0 -DVM_TRACE=0 -DVM_TRACE_FST=0 -DVM_TRACE_VCD=0 -faligned-new -fcf-protection=none -Wno-bool-operation -Wno-overloaded-virtual -Wno-shadow -Wno-sign-compare -Wno-uninitialized -Wno-unused-but-set-parameter -Wno-unused-but-set-variable -Wno-unused-parameter -Wno-unused-variable     -O3 -std=c++17 -I/home/chipyard_repro/chipyard/.conda-env/riscv-tools/include -I/home/chipyard_repro/chipyard/tools/DRAMSim2 -I/home/chipyard_repro/chipyard/sims/verilator/generated-src/chipyard.harness.TestHarness.Sha3RocketConfig/gen-collateral   -DVERILATOR -DVL_TIME_CONTEXT   -fcoroutines -include VTestDriver__pch.h.slow -c -o VTestDriver___024root__DepSet_hbb6e3b65__20__Slow.o VTestDriver___024root__DepSet_hbb6e3b65__20__Slow.cpp
/home/chipyard_repro/chipyard/.conda-env/bin/x86_64-conda-linux-gnu-c++   -I.  -MMD -I/home/chipyard_repro/chipyard/.conda-env/share/verilator/include -I/home/chipyard_repro/chipyard/.conda-env/share/verilator/include/vltstd -DVM_COVERAGE=0 -DVM_SC=0 -DVM_TRACE=0 -DVM_TRACE_FST=0 -DVM_TRACE_VCD=0 -faligned-new -fcf-protection=none -Wno-bool-operation -Wno-overloaded-virtual -Wno-shadow -Wno-sign-compare -Wno-uninitialized -Wno-unused-but-set-parameter -Wno-unused-but-set-variable -Wno-unused-parameter -Wno-unused-variable     -O3 -std=c++17 -I/home/chipyard_repro/chipyard/.conda-env/riscv-tools/include -I/home/chipyard_repro/chipyard/tools/DRAMSim2 -I/home/chipyard_repro/chipyard/sims/verilator/generated-src/chipyard.harness.TestHarness.Sha3RocketConfig/gen-collateral   -DVERILATOR -DVL_TIME_CONTEXT   -fcoroutines -include VTestDriver__pch.h.slow -c -o VTestDriver___024root__DepSet_hbb6e3b65__21__Slow.o VTestDriver___024root__DepSet_hbb6e3b65__21__Slow.cpp
/home/chipyard_repro/chipyard/.conda-env/bin/x86_64-conda-linux-gnu-c++   -I.  -MMD -I/home/chipyard_repro/chipyard/.conda-env/share/verilator/include -I/home/chipyard_repro/chipyard/.conda-env/share/verilator/include/vltstd -DVM_COVERAGE=0 -DVM_SC=0 -DVM_TRACE=0 -DVM_TRACE_FST=0 -DVM_TRACE_VCD=0 -faligned-new -fcf-protection=none -Wno-bool-operation -Wno-overloaded-virtual -Wno-shadow -Wno-sign-compare -Wno-uninitialized -Wno-unused-but-set-parameter -Wno-unused-but-set-variable -Wno-unused-parameter -Wno-unused-variable     -O3 -std=c++17 -I/home/chipyard_repro/chipyard/.conda-env/riscv-tools/include -I/home/chipyard_repro/chipyard/tools/DRAMSim2 -I/home/chipyard_repro/chipyard/sims/verilator/generated-src/chipyard.harness.TestHarness.Sha3RocketConfig/gen-collateral   -DVERILATOR -DVL_TIME_CONTEXT   -fcoroutines -include VTestDriver__pch.h.slow -c -o VTestDriver___024root__DepSet_hbb6e3b65__22__Slow.o VTestDriver___024root__DepSet_hbb6e3b65__22__Slow.cpp
/home/chipyard_repro/chipyard/.conda-env/bin/x86_64-conda-linux-gnu-c++   -I.  -MMD -I/home/chipyard_repro/chipyard/.conda-env/share/verilator/include -I/home/chipyard_repro/chipyard/.conda-env/share/verilator/include/vltstd -DVM_COVERAGE=0 -DVM_SC=0 -DVM_TRACE=0 -DVM_TRACE_FST=0 -DVM_TRACE_VCD=0 -faligned-new -fcf-protection=none -Wno-bool-operation -Wno-overloaded-virtual -Wno-shadow -Wno-sign-compare -Wno-uninitialized -Wno-unused-but-set-parameter -Wno-unused-but-set-variable -Wno-unused-parameter -Wno-unused-variable     -O3 -std=c++17 -I/home/chipyard_repro/chipyard/.conda-env/riscv-tools/include -I/home/chipyard_repro/chipyard/tools/DRAMSim2 -I/home/chipyard_repro/chipyard/sims/verilator/generated-src/chipyard.harness.TestHarness.Sha3RocketConfig/gen-collateral   -DVERILATOR -DVL_TIME_CONTEXT   -fcoroutines -include VTestDriver__pch.h.slow -c -o VTestDriver___024root__DepSet_hbb6e3b65__23__Slow.o VTestDriver___024root__DepSet_hbb6e3b65__23__Slow.cpp
/home/chipyard_repro/chipyard/.conda-env/bin/x86_64-conda-linux-gnu-c++   -I.  -MMD -I/home/chipyard_repro/chipyard/.conda-env/share/verilator/include -I/home/chipyard_repro/chipyard/.conda-env/share/verilator/include/vltstd -DVM_COVERAGE=0 -DVM_SC=0 -DVM_TRACE=0 -DVM_TRACE_FST=0 -DVM_TRACE_VCD=0 -faligned-new -fcf-protection=none -Wno-bool-operation -Wno-overloaded-virtual -Wno-shadow -Wno-sign-compare -Wno-uninitialized -Wno-unused-but-set-parameter -Wno-unused-but-set-variable -Wno-unused-parameter -Wno-unused-variable     -O3 -std=c++17 -I/home/chipyard_repro/chipyard/.conda-env/riscv-tools/include -I/home/chipyard_repro/chipyard/tools/DRAMSim2 -I/home/chipyard_repro/chipyard/sims/verilator/generated-src/chipyard.harness.TestHarness.Sha3RocketConfig/gen-collateral   -DVERILATOR -DVL_TIME_CONTEXT   -fcoroutines -include VTestDriver__pch.h.slow -c -o VTestDriver___024root__DepSet_hbb6e3b65__24__Slow.o VTestDriver___024root__DepSet_hbb6e3b65__24__Slow.cpp
/home/chipyard_repro/chipyard/.conda-env/bin/x86_64-conda-linux-gnu-c++   -I.  -MMD -I/home/chipyard_repro/chipyard/.conda-env/share/verilator/include -I/home/chipyard_repro/chipyard/.conda-env/share/verilator/include/vltstd -DVM_COVERAGE=0 -DVM_SC=0 -DVM_TRACE=0 -DVM_TRACE_FST=0 -DVM_TRACE_VCD=0 -faligned-new -fcf-protection=none -Wno-bool-operation -Wno-overloaded-virtual -Wno-shadow -Wno-sign-compare -Wno-uninitialized -Wno-unused-but-set-parameter -Wno-unused-but-set-variable -Wno-unused-parameter -Wno-unused-variable     -O3 -std=c++17 -I/home/chipyard_repro/chipyard/.conda-env/riscv-tools/include -I/home/chipyard_repro/chipyard/tools/DRAMSim2 -I/home/chipyard_repro/chipyard/sims/verilator/generated-src/chipyard.harness.TestHarness.Sha3RocketConfig/gen-collateral   -DVERILATOR -DVL_TIME_CONTEXT   -fcoroutines -include VTestDriver__pch.h.slow -c -o VTestDriver___024root__DepSet_hbb6e3b65__25__Slow.o VTestDriver___024root__DepSet_hbb6e3b65__25__Slow.cpp
/home/chipyard_repro/chipyard/.conda-env/bin/x86_64-conda-linux-gnu-c++   -I.  -MMD -I/home/chipyard_repro/chipyard/.conda-env/share/verilator/include -I/home/chipyard_repro/chipyard/.conda-env/share/verilator/include/vltstd -DVM_COVERAGE=0 -DVM_SC=0 -DVM_TRACE=0 -DVM_TRACE_FST=0 -DVM_TRACE_VCD=0 -faligned-new -fcf-protection=none -Wno-bool-operation -Wno-overloaded-virtual -Wno-shadow -Wno-sign-compare -Wno-uninitialized -Wno-unused-but-set-parameter -Wno-unused-but-set-variable -Wno-unused-parameter -Wno-unused-variable     -O3 -std=c++17 -I/home/chipyard_repro/chipyard/.conda-env/riscv-tools/include -I/home/chipyard_repro/chipyard/tools/DRAMSim2 -I/home/chipyard_repro/chipyard/sims/verilator/generated-src/chipyard.harness.TestHarness.Sha3RocketConfig/gen-collateral   -DVERILATOR -DVL_TIME_CONTEXT   -fcoroutines -include VTestDriver__pch.h.slow -c -o VTestDriver___024root__DepSet_hbb6e3b65__26__Slow.o VTestDriver___024root__DepSet_hbb6e3b65__26__Slow.cpp
/home/chipyard_repro/chipyard/.conda-env/bin/x86_64-conda-linux-gnu-c++   -I.  -MMD -I/home/chipyard_repro/chipyard/.conda-env/share/verilator/include -I/home/chipyard_repro/chipyard/.conda-env/share/verilator/include/vltstd -DVM_COVERAGE=0 -DVM_SC=0 -DVM_TRACE=0 -DVM_TRACE_FST=0 -DVM_TRACE_VCD=0 -faligned-new -fcf-protection=none -Wno-bool-operation -Wno-overloaded-virtual -Wno-shadow -Wno-sign-compare -Wno-uninitialized -Wno-unused-but-set-parameter -Wno-unused-but-set-variable -Wno-unused-parameter -Wno-unused-variable     -O3 -std=c++17 -I/home/chipyard_repro/chipyard/.conda-env/riscv-tools/include -I/home/chipyard_repro/chipyard/tools/DRAMSim2 -I/home/chipyard_repro/chipyard/sims/verilator/generated-src/chipyard.harness.TestHarness.Sha3RocketConfig/gen-collateral   -DVERILATOR -DVL_TIME_CONTEXT   -fcoroutines -include VTestDriver__pch.h.slow -c -o VTestDriver___024root__DepSet_hbb6e3b65__27__Slow.o VTestDriver___024root__DepSet_hbb6e3b65__27__Slow.cpp
/home/chipyard_repro/chipyard/.conda-env/bin/x86_64-conda-linux-gnu-c++   -I.  -MMD -I/home/chipyard_repro/chipyard/.conda-env/share/verilator/include -I/home/chipyard_repro/chipyard/.conda-env/share/verilator/include/vltstd -DVM_COVERAGE=0 -DVM_SC=0 -DVM_TRACE=0 -DVM_TRACE_FST=0 -DVM_TRACE_VCD=0 -faligned-new -fcf-protection=none -Wno-bool-operation -Wno-overloaded-virtual -Wno-shadow -Wno-sign-compare -Wno-uninitialized -Wno-unused-but-set-parameter -Wno-unused-but-set-variable -Wno-unused-parameter -Wno-unused-variable     -O3 -std=c++17 -I/home/chipyard_repro/chipyard/.conda-env/riscv-tools/include -I/home/chipyard_repro/chipyard/tools/DRAMSim2 -I/home/chipyard_repro/chipyard/sims/verilator/generated-src/chipyard.harness.TestHarness.Sha3RocketConfig/gen-collateral   -DVERILATOR -DVL_TIME_CONTEXT   -fcoroutines -include VTestDriver__pch.h.slow -c -o VTestDriver___024root__DepSet_hbb6e3b65__28__Slow.o VTestDriver___024root__DepSet_hbb6e3b65__28__Slow.cpp
/home/chipyard_repro/chipyard/.conda-env/bin/x86_64-conda-linux-gnu-c++   -I.  -MMD -I/home/chipyard_repro/chipyard/.conda-env/share/verilator/include -I/home/chipyard_repro/chipyard/.conda-env/share/verilator/include/vltstd -DVM_COVERAGE=0 -DVM_SC=0 -DVM_TRACE=0 -DVM_TRACE_FST=0 -DVM_TRACE_VCD=0 -faligned-new -fcf-protection=none -Wno-bool-operation -Wno-overloaded-virtual -Wno-shadow -Wno-sign-compare -Wno-uninitialized -Wno-unused-but-set-parameter -Wno-unused-but-set-variable -Wno-unused-parameter -Wno-unused-variable     -O3 -std=c++17 -I/home/chipyard_repro/chipyard/.conda-env/riscv-tools/include -I/home/chipyard_repro/chipyard/tools/DRAMSim2 -I/home/chipyard_repro/chipyard/sims/verilator/generated-src/chipyard.harness.TestHarness.Sha3RocketConfig/gen-collateral   -DVERILATOR -DVL_TIME_CONTEXT   -fcoroutines -include VTestDriver__pch.h.slow -c -o VTestDriver___024root__DepSet_hbb6e3b65__29__Slow.o VTestDriver___024root__DepSet_hbb6e3b65__29__Slow.cpp
/home/chipyard_repro/chipyard/.conda-env/bin/x86_64-conda-linux-gnu-c++   -I.  -MMD -I/home/chipyard_repro/chipyard/.conda-env/share/verilator/include -I/home/chipyard_repro/chipyard/.conda-env/share/verilator/include/vltstd -DVM_COVERAGE=0 -DVM_SC=0 -DVM_TRACE=0 -DVM_TRACE_FST=0 -DVM_TRACE_VCD=0 -faligned-new -fcf-protection=none -Wno-bool-operation -Wno-overloaded-virtual -Wno-shadow -Wno-sign-compare -Wno-uninitialized -Wno-unused-but-set-parameter -Wno-unused-but-set-variable -Wno-unused-parameter -Wno-unused-variable     -O3 -std=c++17 -I/home/chipyard_repro/chipyard/.conda-env/riscv-tools/include -I/home/chipyard_repro/chipyard/tools/DRAMSim2 -I/home/chipyard_repro/chipyard/sims/verilator/generated-src/chipyard.harness.TestHarness.Sha3RocketConfig/gen-collateral   -DVERILATOR -DVL_TIME_CONTEXT   -fcoroutines -include VTestDriver__pch.h.slow -c -o VTestDriver___024root__DepSet_hbb6e3b65__30__Slow.o VTestDriver___024root__DepSet_hbb6e3b65__30__Slow.cpp
/home/chipyard_repro/chipyard/.conda-env/bin/x86_64-conda-linux-gnu-c++   -I.  -MMD -I/home/chipyard_repro/chipyard/.conda-env/share/verilator/include -I/home/chipyard_repro/chipyard/.conda-env/share/verilator/include/vltstd -DVM_COVERAGE=0 -DVM_SC=0 -DVM_TRACE=0 -DVM_TRACE_FST=0 -DVM_TRACE_VCD=0 -faligned-new -fcf-protection=none -Wno-bool-operation -Wno-overloaded-virtual -Wno-shadow -Wno-sign-compare -Wno-uninitialized -Wno-unused-but-set-parameter -Wno-unused-but-set-variable -Wno-unused-parameter -Wno-unused-variable     -O3 -std=c++17 -I/home/chipyard_repro/chipyard/.conda-env/riscv-tools/include -I/home/chipyard_repro/chipyard/tools/DRAMSim2 -I/home/chipyard_repro/chipyard/sims/verilator/generated-src/chipyard.harness.TestHarness.Sha3RocketConfig/gen-collateral   -DVERILATOR -DVL_TIME_CONTEXT   -fcoroutines -include VTestDriver__pch.h.slow -c -o VTestDriver___024root__DepSet_hbb6e3b65__31__Slow.o VTestDriver___024root__DepSet_hbb6e3b65__31__Slow.cpp
/home/chipyard_repro/chipyard/.conda-env/bin/x86_64-conda-linux-gnu-c++   -I.  -MMD -I/home/chipyard_repro/chipyard/.conda-env/share/verilator/include -I/home/chipyard_repro/chipyard/.conda-env/share/verilator/include/vltstd -DVM_COVERAGE=0 -DVM_SC=0 -DVM_TRACE=0 -DVM_TRACE_FST=0 -DVM_TRACE_VCD=0 -faligned-new -fcf-protection=none -Wno-bool-operation -Wno-overloaded-virtual -Wno-shadow -Wno-sign-compare -Wno-uninitialized -Wno-unused-but-set-parameter -Wno-unused-but-set-variable -Wno-unused-parameter -Wno-unused-variable     -O3 -std=c++17 -I/home/chipyard_repro/chipyard/.conda-env/riscv-tools/include -I/home/chipyard_repro/chipyard/tools/DRAMSim2 -I/home/chipyard_repro/chipyard/sims/verilator/generated-src/chipyard.harness.TestHarness.Sha3RocketConfig/gen-collateral   -DVERILATOR -DVL_TIME_CONTEXT   -fcoroutines -include VTestDriver__pch.h.slow -c -o VTestDriver___024root__DepSet_hbb6e3b65__32__Slow.o VTestDriver___024root__DepSet_hbb6e3b65__32__Slow.cpp
/home/chipyard_repro/chipyard/.conda-env/bin/x86_64-conda-linux-gnu-c++   -I.  -MMD -I/home/chipyard_repro/chipyard/.conda-env/share/verilator/include -I/home/chipyard_repro/chipyard/.conda-env/share/verilator/include/vltstd -DVM_COVERAGE=0 -DVM_SC=0 -DVM_TRACE=0 -DVM_TRACE_FST=0 -DVM_TRACE_VCD=0 -faligned-new -fcf-protection=none -Wno-bool-operation -Wno-overloaded-virtual -Wno-shadow -Wno-sign-compare -Wno-uninitialized -Wno-unused-but-set-parameter -Wno-unused-but-set-variable -Wno-unused-parameter -Wno-unused-variable     -O3 -std=c++17 -I/home/chipyard_repro/chipyard/.conda-env/riscv-tools/include -I/home/chipyard_repro/chipyard/tools/DRAMSim2 -I/home/chipyard_repro/chipyard/sims/verilator/generated-src/chipyard.harness.TestHarness.Sha3RocketConfig/gen-collateral   -DVERILATOR -DVL_TIME_CONTEXT   -fcoroutines -include VTestDriver__pch.h.slow -c -o VTestDriver___024root__DepSet_hbb6e3b65__33__Slow.o VTestDriver___024root__DepSet_hbb6e3b65__33__Slow.cpp
/home/chipyard_repro/chipyard/.conda-env/bin/x86_64-conda-linux-gnu-c++   -I.  -MMD -I/home/chipyard_repro/chipyard/.conda-env/share/verilator/include -I/home/chipyard_repro/chipyard/.conda-env/share/verilator/include/vltstd -DVM_COVERAGE=0 -DVM_SC=0 -DVM_TRACE=0 -DVM_TRACE_FST=0 -DVM_TRACE_VCD=0 -faligned-new -fcf-protection=none -Wno-bool-operation -Wno-overloaded-virtual -Wno-shadow -Wno-sign-compare -Wno-uninitialized -Wno-unused-but-set-parameter -Wno-unused-but-set-variable -Wno-unused-parameter -Wno-unused-variable     -O3 -std=c++17 -I/home/chipyard_repro/chipyard/.conda-env/riscv-tools/include -I/home/chipyard_repro/chipyard/tools/DRAMSim2 -I/home/chipyard_repro/chipyard/sims/verilator/generated-src/chipyard.harness.TestHarness.Sha3RocketConfig/gen-collateral   -DVERILATOR -DVL_TIME_CONTEXT   -fcoroutines -include VTestDriver__pch.h.slow -c -o VTestDriver___024root__DepSet_hbb6e3b65__34__Slow.o VTestDriver___024root__DepSet_hbb6e3b65__34__Slow.cpp
/home/chipyard_repro/chipyard/.conda-env/bin/x86_64-conda-linux-gnu-c++   -I.  -MMD -I/home/chipyard_repro/chipyard/.conda-env/share/verilator/include -I/home/chipyard_repro/chipyard/.conda-env/share/verilator/include/vltstd -DVM_COVERAGE=0 -DVM_SC=0 -DVM_TRACE=0 -DVM_TRACE_FST=0 -DVM_TRACE_VCD=0 -faligned-new -fcf-protection=none -Wno-bool-operation -Wno-overloaded-virtual -Wno-shadow -Wno-sign-compare -Wno-uninitialized -Wno-unused-but-set-parameter -Wno-unused-but-set-variable -Wno-unused-parameter -Wno-unused-variable     -O3 -std=c++17 -I/home/chipyard_repro/chipyard/.conda-env/riscv-tools/include -I/home/chipyard_repro/chipyard/tools/DRAMSim2 -I/home/chipyard_repro/chipyard/sims/verilator/generated-src/chipyard.harness.TestHarness.Sha3RocketConfig/gen-collateral   -DVERILATOR -DVL_TIME_CONTEXT   -fcoroutines -include VTestDriver__pch.h.slow -c -o VTestDriver___024root__DepSet_hbb6e3b65__35__Slow.o VTestDriver___024root__DepSet_hbb6e3b65__35__Slow.cpp
/home/chipyard_repro/chipyard/.conda-env/bin/x86_64-conda-linux-gnu-c++   -I.  -MMD -I/home/chipyard_repro/chipyard/.conda-env/share/verilator/include -I/home/chipyard_repro/chipyard/.conda-env/share/verilator/include/vltstd -DVM_COVERAGE=0 -DVM_SC=0 -DVM_TRACE=0 -DVM_TRACE_FST=0 -DVM_TRACE_VCD=0 -faligned-new -fcf-protection=none -Wno-bool-operation -Wno-overloaded-virtual -Wno-shadow -Wno-sign-compare -Wno-uninitialized -Wno-unused-but-set-parameter -Wno-unused-but-set-variable -Wno-unused-parameter -Wno-unused-variable     -O3 -std=c++17 -I/home/chipyard_repro/chipyard/.conda-env/riscv-tools/include -I/home/chipyard_repro/chipyard/tools/DRAMSim2 -I/home/chipyard_repro/chipyard/sims/verilator/generated-src/chipyard.harness.TestHarness.Sha3RocketConfig/gen-collateral   -DVERILATOR -DVL_TIME_CONTEXT   -fcoroutines -include VTestDriver__pch.h.slow -c -o VTestDriver___024root__DepSet_hbb6e3b65__36__Slow.o VTestDriver___024root__DepSet_hbb6e3b65__36__Slow.cpp
/home/chipyard_repro/chipyard/.conda-env/bin/x86_64-conda-linux-gnu-c++   -I.  -MMD -I/home/chipyard_repro/chipyard/.conda-env/share/verilator/include -I/home/chipyard_repro/chipyard/.conda-env/share/verilator/include/vltstd -DVM_COVERAGE=0 -DVM_SC=0 -DVM_TRACE=0 -DVM_TRACE_FST=0 -DVM_TRACE_VCD=0 -faligned-new -fcf-protection=none -Wno-bool-operation -Wno-overloaded-virtual -Wno-shadow -Wno-sign-compare -Wno-uninitialized -Wno-unused-but-set-parameter -Wno-unused-but-set-variable -Wno-unused-parameter -Wno-unused-variable     -O3 -std=c++17 -I/home/chipyard_repro/chipyard/.conda-env/riscv-tools/include -I/home/chipyard_repro/chipyard/tools/DRAMSim2 -I/home/chipyard_repro/chipyard/sims/verilator/generated-src/chipyard.harness.TestHarness.Sha3RocketConfig/gen-collateral   -DVERILATOR -DVL_TIME_CONTEXT   -fcoroutines -include VTestDriver__pch.h.slow -c -o VTestDriver___024root__DepSet_hbb6e3b65__37__Slow.o VTestDriver___024root__DepSet_hbb6e3b65__37__Slow.cpp
/home/chipyard_repro/chipyard/.conda-env/bin/x86_64-conda-linux-gnu-c++   -I.  -MMD -I/home/chipyard_repro/chipyard/.conda-env/share/verilator/include -I/home/chipyard_repro/chipyard/.conda-env/share/verilator/include/vltstd -DVM_COVERAGE=0 -DVM_SC=0 -DVM_TRACE=0 -DVM_TRACE_FST=0 -DVM_TRACE_VCD=0 -faligned-new -fcf-protection=none -Wno-bool-operation -Wno-overloaded-virtual -Wno-shadow -Wno-sign-compare -Wno-uninitialized -Wno-unused-but-set-parameter -Wno-unused-but-set-variable -Wno-unused-parameter -Wno-unused-variable     -O3 -std=c++17 -I/home/chipyard_repro/chipyard/.conda-env/riscv-tools/include -I/home/chipyard_repro/chipyard/tools/DRAMSim2 -I/home/chipyard_repro/chipyard/sims/verilator/generated-src/chipyard.harness.TestHarness.Sha3RocketConfig/gen-collateral   -DVERILATOR -DVL_TIME_CONTEXT   -fcoroutines -include VTestDriver__pch.h.slow -c -o VTestDriver___024root__DepSet_hbb6e3b65__38__Slow.o VTestDriver___024root__DepSet_hbb6e3b65__38__Slow.cpp
/home/chipyard_repro/chipyard/.conda-env/bin/x86_64-conda-linux-gnu-c++   -I.  -MMD -I/home/chipyard_repro/chipyard/.conda-env/share/verilator/include -I/home/chipyard_repro/chipyard/.conda-env/share/verilator/include/vltstd -DVM_COVERAGE=0 -DVM_SC=0 -DVM_TRACE=0 -DVM_TRACE_FST=0 -DVM_TRACE_VCD=0 -faligned-new -fcf-protection=none -Wno-bool-operation -Wno-overloaded-virtual -Wno-shadow -Wno-sign-compare -Wno-uninitialized -Wno-unused-but-set-parameter -Wno-unused-but-set-variable -Wno-unused-parameter -Wno-unused-variable     -O3 -std=c++17 -I/home/chipyard_repro/chipyard/.conda-env/riscv-tools/include -I/home/chipyard_repro/chipyard/tools/DRAMSim2 -I/home/chipyard_repro/chipyard/sims/verilator/generated-src/chipyard.harness.TestHarness.Sha3RocketConfig/gen-collateral   -DVERILATOR -DVL_TIME_CONTEXT   -fcoroutines -include VTestDriver__pch.h.slow -c -o VTestDriver___024root__DepSet_hbb6e3b65__39__Slow.o VTestDriver___024root__DepSet_hbb6e3b65__39__Slow.cpp
/home/chipyard_repro/chipyard/.conda-env/bin/x86_64-conda-linux-gnu-c++   -I.  -MMD -I/home/chipyard_repro/chipyard/.conda-env/share/verilator/include -I/home/chipyard_repro/chipyard/.conda-env/share/verilator/include/vltstd -DVM_COVERAGE=0 -DVM_SC=0 -DVM_TRACE=0 -DVM_TRACE_FST=0 -DVM_TRACE_VCD=0 -faligned-new -fcf-protection=none -Wno-bool-operation -Wno-overloaded-virtual -Wno-shadow -Wno-sign-compare -Wno-uninitialized -Wno-unused-but-set-parameter -Wno-unused-but-set-variable -Wno-unused-parameter -Wno-unused-variable     -O3 -std=c++17 -I/home/chipyard_repro/chipyard/.conda-env/riscv-tools/include -I/home/chipyard_repro/chipyard/tools/DRAMSim2 -I/home/chipyard_repro/chipyard/sims/verilator/generated-src/chipyard.harness.TestHarness.Sha3RocketConfig/gen-collateral   -DVERILATOR -DVL_TIME_CONTEXT   -fcoroutines -include VTestDriver__pch.h.slow -c -o VTestDriver___024root__DepSet_hbb6e3b65__40__Slow.o VTestDriver___024root__DepSet_hbb6e3b65__40__Slow.cpp
/home/chipyard_repro/chipyard/.conda-env/bin/x86_64-conda-linux-gnu-c++   -I.  -MMD -I/home/chipyard_repro/chipyard/.conda-env/share/verilator/include -I/home/chipyard_repro/chipyard/.conda-env/share/verilator/include/vltstd -DVM_COVERAGE=0 -DVM_SC=0 -DVM_TRACE=0 -DVM_TRACE_FST=0 -DVM_TRACE_VCD=0 -faligned-new -fcf-protection=none -Wno-bool-operation -Wno-overloaded-virtual -Wno-shadow -Wno-sign-compare -Wno-uninitialized -Wno-unused-but-set-parameter -Wno-unused-but-set-variable -Wno-unused-parameter -Wno-unused-variable     -O3 -std=c++17 -I/home/chipyard_repro/chipyard/.conda-env/riscv-tools/include -I/home/chipyard_repro/chipyard/tools/DRAMSim2 -I/home/chipyard_repro/chipyard/sims/verilator/generated-src/chipyard.harness.TestHarness.Sha3RocketConfig/gen-collateral   -DVERILATOR -DVL_TIME_CONTEXT   -fcoroutines -include VTestDriver__pch.h.slow -c -o VTestDriver___024root__DepSet_hbb6e3b65__41__Slow.o VTestDriver___024root__DepSet_hbb6e3b65__41__Slow.cpp
/home/chipyard_repro/chipyard/.conda-env/bin/x86_64-conda-linux-gnu-c++   -I.  -MMD -I/home/chipyard_repro/chipyard/.conda-env/share/verilator/include -I/home/chipyard_repro/chipyard/.conda-env/share/verilator/include/vltstd -DVM_COVERAGE=0 -DVM_SC=0 -DVM_TRACE=0 -DVM_TRACE_FST=0 -DVM_TRACE_VCD=0 -faligned-new -fcf-protection=none -Wno-bool-operation -Wno-overloaded-virtual -Wno-shadow -Wno-sign-compare -Wno-uninitialized -Wno-unused-but-set-parameter -Wno-unused-but-set-variable -Wno-unused-parameter -Wno-unused-variable     -O3 -std=c++17 -I/home/chipyard_repro/chipyard/.conda-env/riscv-tools/include -I/home/chipyard_repro/chipyard/tools/DRAMSim2 -I/home/chipyard_repro/chipyard/sims/verilator/generated-src/chipyard.harness.TestHarness.Sha3RocketConfig/gen-collateral   -DVERILATOR -DVL_TIME_CONTEXT   -fcoroutines -include VTestDriver__pch.h.slow -c -o VTestDriver___024root__DepSet_hbb6e3b65__42__Slow.o VTestDriver___024root__DepSet_hbb6e3b65__42__Slow.cpp
/home/chipyard_repro/chipyard/.conda-env/bin/x86_64-conda-linux-gnu-c++   -I.  -MMD -I/home/chipyard_repro/chipyard/.conda-env/share/verilator/include -I/home/chipyard_repro/chipyard/.conda-env/share/verilator/include/vltstd -DVM_COVERAGE=0 -DVM_SC=0 -DVM_TRACE=0 -DVM_TRACE_FST=0 -DVM_TRACE_VCD=0 -faligned-new -fcf-protection=none -Wno-bool-operation -Wno-overloaded-virtual -Wno-shadow -Wno-sign-compare -Wno-uninitialized -Wno-unused-but-set-parameter -Wno-unused-but-set-variable -Wno-unused-parameter -Wno-unused-variable     -O3 -std=c++17 -I/home/chipyard_repro/chipyard/.conda-env/riscv-tools/include -I/home/chipyard_repro/chipyard/tools/DRAMSim2 -I/home/chipyard_repro/chipyard/sims/verilator/generated-src/chipyard.harness.TestHarness.Sha3RocketConfig/gen-collateral   -DVERILATOR -DVL_TIME_CONTEXT   -fcoroutines -include VTestDriver__pch.h.slow -c -o VTestDriver___024root__DepSet_hbb6e3b65__43__Slow.o VTestDriver___024root__DepSet_hbb6e3b65__43__Slow.cpp
/home/chipyard_repro/chipyard/.conda-env/bin/x86_64-conda-linux-gnu-c++   -I.  -MMD -I/home/chipyard_repro/chipyard/.conda-env/share/verilator/include -I/home/chipyard_repro/chipyard/.conda-env/share/verilator/include/vltstd -DVM_COVERAGE=0 -DVM_SC=0 -DVM_TRACE=0 -DVM_TRACE_FST=0 -DVM_TRACE_VCD=0 -faligned-new -fcf-protection=none -Wno-bool-operation -Wno-overloaded-virtual -Wno-shadow -Wno-sign-compare -Wno-uninitialized -Wno-unused-but-set-parameter -Wno-unused-but-set-variable -Wno-unused-parameter -Wno-unused-variable     -O3 -std=c++17 -I/home/chipyard_repro/chipyard/.conda-env/riscv-tools/include -I/home/chipyard_repro/chipyard/tools/DRAMSim2 -I/home/chipyard_repro/chipyard/sims/verilator/generated-src/chipyard.harness.TestHarness.Sha3RocketConfig/gen-collateral   -DVERILATOR -DVL_TIME_CONTEXT   -fcoroutines -include VTestDriver__pch.h.slow -c -o VTestDriver___024root__DepSet_hbb6e3b65__44__Slow.o VTestDriver___024root__DepSet_hbb6e3b65__44__Slow.cpp
/home/chipyard_repro/chipyard/.conda-env/bin/x86_64-conda-linux-gnu-c++   -I.  -MMD -I/home/chipyard_repro/chipyard/.conda-env/share/verilator/include -I/home/chipyard_repro/chipyard/.conda-env/share/verilator/include/vltstd -DVM_COVERAGE=0 -DVM_SC=0 -DVM_TRACE=0 -DVM_TRACE_FST=0 -DVM_TRACE_VCD=0 -faligned-new -fcf-protection=none -Wno-bool-operation -Wno-overloaded-virtual -Wno-shadow -Wno-sign-compare -Wno-uninitialized -Wno-unused-but-set-parameter -Wno-unused-but-set-variable -Wno-unused-parameter -Wno-unused-variable     -O3 -std=c++17 -I/home/chipyard_repro/chipyard/.conda-env/riscv-tools/include -I/home/chipyard_repro/chipyard/tools/DRAMSim2 -I/home/chipyard_repro/chipyard/sims/verilator/generated-src/chipyard.harness.TestHarness.Sha3RocketConfig/gen-collateral   -DVERILATOR -DVL_TIME_CONTEXT   -fcoroutines -include VTestDriver__pch.h.slow -c -o VTestDriver___024root__DepSet_hbb6e3b65__45__Slow.o VTestDriver___024root__DepSet_hbb6e3b65__45__Slow.cpp
/home/chipyard_repro/chipyard/.conda-env/bin/x86_64-conda-linux-gnu-c++   -I.  -MMD -I/home/chipyard_repro/chipyard/.conda-env/share/verilator/include -I/home/chipyard_repro/chipyard/.conda-env/share/verilator/include/vltstd -DVM_COVERAGE=0 -DVM_SC=0 -DVM_TRACE=0 -DVM_TRACE_FST=0 -DVM_TRACE_VCD=0 -faligned-new -fcf-protection=none -Wno-bool-operation -Wno-overloaded-virtual -Wno-shadow -Wno-sign-compare -Wno-uninitialized -Wno-unused-but-set-parameter -Wno-unused-but-set-variable -Wno-unused-parameter -Wno-unused-variable     -O3 -std=c++17 -I/home/chipyard_repro/chipyard/.conda-env/riscv-tools/include -I/home/chipyard_repro/chipyard/tools/DRAMSim2 -I/home/chipyard_repro/chipyard/sims/verilator/generated-src/chipyard.harness.TestHarness.Sha3RocketConfig/gen-collateral   -DVERILATOR -DVL_TIME_CONTEXT   -fcoroutines -include VTestDriver__pch.h.slow -c -o VTestDriver___024root__DepSet_hbb6e3b65__46__Slow.o VTestDriver___024root__DepSet_hbb6e3b65__46__Slow.cpp
/home/chipyard_repro/chipyard/.conda-env/bin/x86_64-conda-linux-gnu-c++   -I.  -MMD -I/home/chipyard_repro/chipyard/.conda-env/share/verilator/include -I/home/chipyard_repro/chipyard/.conda-env/share/verilator/include/vltstd -DVM_COVERAGE=0 -DVM_SC=0 -DVM_TRACE=0 -DVM_TRACE_FST=0 -DVM_TRACE_VCD=0 -faligned-new -fcf-protection=none -Wno-bool-operation -Wno-overloaded-virtual -Wno-shadow -Wno-sign-compare -Wno-uninitialized -Wno-unused-but-set-parameter -Wno-unused-but-set-variable -Wno-unused-parameter -Wno-unused-variable     -O3 -std=c++17 -I/home/chipyard_repro/chipyard/.conda-env/riscv-tools/include -I/home/chipyard_repro/chipyard/tools/DRAMSim2 -I/home/chipyard_repro/chipyard/sims/verilator/generated-src/chipyard.harness.TestHarness.Sha3RocketConfig/gen-collateral   -DVERILATOR -DVL_TIME_CONTEXT   -fcoroutines -include VTestDriver__pch.h.slow -c -o VTestDriver___024root__DepSet_hbb6e3b65__47__Slow.o VTestDriver___024root__DepSet_hbb6e3b65__47__Slow.cpp
/home/chipyard_repro/chipyard/.conda-env/bin/x86_64-conda-linux-gnu-c++   -I.  -MMD -I/home/chipyard_repro/chipyard/.conda-env/share/verilator/include -I/home/chipyard_repro/chipyard/.conda-env/share/verilator/include/vltstd -DVM_COVERAGE=0 -DVM_SC=0 -DVM_TRACE=0 -DVM_TRACE_FST=0 -DVM_TRACE_VCD=0 -faligned-new -fcf-protection=none -Wno-bool-operation -Wno-overloaded-virtual -Wno-shadow -Wno-sign-compare -Wno-uninitialized -Wno-unused-but-set-parameter -Wno-unused-but-set-variable -Wno-unused-parameter -Wno-unused-variable     -O3 -std=c++17 -I/home/chipyard_repro/chipyard/.conda-env/riscv-tools/include -I/home/chipyard_repro/chipyard/tools/DRAMSim2 -I/home/chipyard_repro/chipyard/sims/verilator/generated-src/chipyard.harness.TestHarness.Sha3RocketConfig/gen-collateral   -DVERILATOR -DVL_TIME_CONTEXT   -fcoroutines -include VTestDriver__pch.h.slow -c -o VTestDriver___024root__DepSet_hbb6e3b65__48__Slow.o VTestDriver___024root__DepSet_hbb6e3b65__48__Slow.cpp
/home/chipyard_repro/chipyard/.conda-env/bin/x86_64-conda-linux-gnu-c++   -I.  -MMD -I/home/chipyard_repro/chipyard/.conda-env/share/verilator/include -I/home/chipyard_repro/chipyard/.conda-env/share/verilator/include/vltstd -DVM_COVERAGE=0 -DVM_SC=0 -DVM_TRACE=0 -DVM_TRACE_FST=0 -DVM_TRACE_VCD=0 -faligned-new -fcf-protection=none -Wno-bool-operation -Wno-overloaded-virtual -Wno-shadow -Wno-sign-compare -Wno-uninitialized -Wno-unused-but-set-parameter -Wno-unused-but-set-variable -Wno-unused-parameter -Wno-unused-variable     -O3 -std=c++17 -I/home/chipyard_repro/chipyard/.conda-env/riscv-tools/include -I/home/chipyard_repro/chipyard/tools/DRAMSim2 -I/home/chipyard_repro/chipyard/sims/verilator/generated-src/chipyard.harness.TestHarness.Sha3RocketConfig/gen-collateral   -DVERILATOR -DVL_TIME_CONTEXT   -fcoroutines -include VTestDriver__pch.h.slow -c -o VTestDriver___024root__DepSet_hbb6e3b65__49__Slow.o VTestDriver___024root__DepSet_hbb6e3b65__49__Slow.cpp
/home/chipyard_repro/chipyard/.conda-env/bin/x86_64-conda-linux-gnu-c++   -I.  -MMD -I/home/chipyard_repro/chipyard/.conda-env/share/verilator/include -I/home/chipyard_repro/chipyard/.conda-env/share/verilator/include/vltstd -DVM_COVERAGE=0 -DVM_SC=0 -DVM_TRACE=0 -DVM_TRACE_FST=0 -DVM_TRACE_VCD=0 -faligned-new -fcf-protection=none -Wno-bool-operation -Wno-overloaded-virtual -Wno-shadow -Wno-sign-compare -Wno-uninitialized -Wno-unused-but-set-parameter -Wno-unused-but-set-variable -Wno-unused-parameter -Wno-unused-variable     -O3 -std=c++17 -I/home/chipyard_repro/chipyard/.conda-env/riscv-tools/include -I/home/chipyard_repro/chipyard/tools/DRAMSim2 -I/home/chipyard_repro/chipyard/sims/verilator/generated-src/chipyard.harness.TestHarness.Sha3RocketConfig/gen-collateral   -DVERILATOR -DVL_TIME_CONTEXT   -fcoroutines -include VTestDriver__pch.h.slow -c -o VTestDriver___024root__DepSet_hbb6e3b65__50__Slow.o VTestDriver___024root__DepSet_hbb6e3b65__50__Slow.cpp
/home/chipyard_repro/chipyard/.conda-env/bin/x86_64-conda-linux-gnu-c++   -I.  -MMD -I/home/chipyard_repro/chipyard/.conda-env/share/verilator/include -I/home/chipyard_repro/chipyard/.conda-env/share/verilator/include/vltstd -DVM_COVERAGE=0 -DVM_SC=0 -DVM_TRACE=0 -DVM_TRACE_FST=0 -DVM_TRACE_VCD=0 -faligned-new -fcf-protection=none -Wno-bool-operation -Wno-overloaded-virtual -Wno-shadow -Wno-sign-compare -Wno-uninitialized -Wno-unused-but-set-parameter -Wno-unused-but-set-variable -Wno-unused-parameter -Wno-unused-variable     -O3 -std=c++17 -I/home/chipyard_repro/chipyard/.conda-env/riscv-tools/include -I/home/chipyard_repro/chipyard/tools/DRAMSim2 -I/home/chipyard_repro/chipyard/sims/verilator/generated-src/chipyard.harness.TestHarness.Sha3RocketConfig/gen-collateral   -DVERILATOR -DVL_TIME_CONTEXT   -fcoroutines -include VTestDriver__pch.h.slow -c -o VTestDriver___024unit__Slow.o VTestDriver___024unit__Slow.cpp
/home/chipyard_repro/chipyard/.conda-env/bin/x86_64-conda-linux-gnu-c++   -I.  -MMD -I/home/chipyard_repro/chipyard/.conda-env/share/verilator/include -I/home/chipyard_repro/chipyard/.conda-env/share/verilator/include/vltstd -DVM_COVERAGE=0 -DVM_SC=0 -DVM_TRACE=0 -DVM_TRACE_FST=0 -DVM_TRACE_VCD=0 -faligned-new -fcf-protection=none -Wno-bool-operation -Wno-overloaded-virtual -Wno-shadow -Wno-sign-compare -Wno-uninitialized -Wno-unused-but-set-parameter -Wno-unused-but-set-variable -Wno-unused-parameter -Wno-unused-variable     -O3 -std=c++17 -I/home/chipyard_repro/chipyard/.conda-env/riscv-tools/include -I/home/chipyard_repro/chipyard/tools/DRAMSim2 -I/home/chipyard_repro/chipyard/sims/verilator/generated-src/chipyard.harness.TestHarness.Sha3RocketConfig/gen-collateral   -DVERILATOR -DVL_TIME_CONTEXT   -fcoroutines -include VTestDriver__pch.h.slow -c -o VTestDriver___024unit__DepSet_h44496666__0__Slow.o VTestDriver___024unit__DepSet_h44496666__0__Slow.cpp
/home/chipyard_repro/chipyard/.conda-env/bin/x86_64-conda-linux-gnu-c++   -I.  -MMD -I/home/chipyard_repro/chipyard/.conda-env/share/verilator/include -I/home/chipyard_repro/chipyard/.conda-env/share/verilator/include/vltstd -DVM_COVERAGE=0 -DVM_SC=0 -DVM_TRACE=0 -DVM_TRACE_FST=0 -DVM_TRACE_VCD=0 -faligned-new -fcf-protection=none -Wno-bool-operation -Wno-overloaded-virtual -Wno-shadow -Wno-sign-compare -Wno-uninitialized -Wno-unused-but-set-parameter -Wno-unused-but-set-variable -Wno-unused-parameter -Wno-unused-variable     -O3 -std=c++17 -I/home/chipyard_repro/chipyard/.conda-env/riscv-tools/include -I/home/chipyard_repro/chipyard/tools/DRAMSim2 -I/home/chipyard_repro/chipyard/sims/verilator/generated-src/chipyard.harness.TestHarness.Sha3RocketConfig/gen-collateral   -DVERILATOR -DVL_TIME_CONTEXT   -fcoroutines -include VTestDriver__pch.h.slow -c -o VTestDriver__Syms.o VTestDriver__Syms.cpp
/home/chipyard_repro/chipyard/.conda-env/bin/x86_64-conda-linux-gnu-c++   -I.  -MMD -I/home/chipyard_repro/chipyard/.conda-env/share/verilator/include -I/home/chipyard_repro/chipyard/.conda-env/share/verilator/include/vltstd -DVM_COVERAGE=0 -DVM_SC=0 -DVM_TRACE=0 -DVM_TRACE_FST=0 -DVM_TRACE_VCD=0 -faligned-new -fcf-protection=none -Wno-bool-operation -Wno-overloaded-virtual -Wno-shadow -Wno-sign-compare -Wno-uninitialized -Wno-unused-but-set-parameter -Wno-unused-but-set-variable -Wno-unused-parameter -Wno-unused-variable     -O3 -std=c++17 -I/home/chipyard_repro/chipyard/.conda-env/riscv-tools/include -I/home/chipyard_repro/chipyard/tools/DRAMSim2 -I/home/chipyard_repro/chipyard/sims/verilator/generated-src/chipyard.harness.TestHarness.Sha3RocketConfig/gen-collateral   -DVERILATOR -DVL_TIME_CONTEXT   -fcoroutines -include VTestDriver__pch.h.slow -c -o VTestDriver__Syms__1.o VTestDriver__Syms__1.cpp
echo "" > VTestDriver__ALL.verilator_deplist.tmp
Archive /home/chipyard_repro/chipyard/.conda-env/bin/x86_64-conda-linux-gnu-ar -rcs VTestDriver__ALL.a VTestDriver.o VTestDriver___024root__DepSet_h662e1026__0.o VTestDriver___024root__DepSet_h662e1026__1.o VTestDriver___024root__DepSet_h662e1026__2.o VTestDriver___024root__DepSet_h662e1026__3.o VTestDriver___024root__DepSet_h662e1026__4.o VTestDriver___024root__DepSet_h662e1026__5.o VTestDriver___024root__DepSet_h662e1026__6.o VTestDriver___024root__DepSet_h662e1026__7.o VTestDriver___024root__DepSet_h662e1026__8.o VTestDriver___024root__DepSet_h662e1026__9.o VTestDriver___024root__DepSet_h662e1026__10.o VTestDriver___024root__DepSet_h662e1026__11.o VTestDriver___024root__DepSet_h662e1026__12.o VTestDriver___024root__DepSet_h662e1026__13.o VTestDriver___024root__DepSet_h662e1026__14.o VTestDriver___024root__DepSet_h662e1026__15.o VTestDriver___024root__DepSet_h662e1026__16.o VTestDriver___024root__DepSet_h662e1026__17.o VTestDriver___024root__DepSet_h662e1026__18.o VTestDriver___024root__DepSet_h662e1026__19.o VTestDriver___024root__DepSet_h662e1026__20.o VTestDriver___024root__DepSet_h662e1026__21.o VTestDriver___024root__DepSet_h662e1026__22.o VTestDriver___024root__DepSet_h662e1026__23.o VTestDriver___024root__DepSet_h662e1026__24.o VTestDriver___024root__DepSet_h662e1026__25.o VTestDriver___024root__DepSet_h662e1026__26.o VTestDriver___024root__DepSet_h662e1026__27.o VTestDriver___024root__DepSet_h662e1026__28.o VTestDriver___024root__DepSet_h662e1026__29.o VTestDriver___024root__DepSet_h662e1026__30.o VTestDriver___024root__DepSet_h662e1026__31.o VTestDriver___024root__DepSet_h662e1026__32.o VTestDriver___024root__DepSet_h662e1026__33.o VTestDriver___024root__DepSet_h662e1026__34.o VTestDriver___024root__DepSet_h662e1026__35.o VTestDriver___024root__DepSet_h662e1026__36.o VTestDriver___024root__DepSet_h662e1026__37.o VTestDriver___024root__DepSet_h662e1026__38.o VTestDriver___024root__DepSet_h662e1026__39.o VTestDriver___024root__DepSet_h662e1026__40.o VTestDriver___024root__DepSet_h662e1026__41.o VTestDriver___024root__DepSet_h662e1026__42.o VTestDriver___024root__DepSet_h662e1026__43.o VTestDriver___024root__DepSet_h662e1026__44.o VTestDriver___024root__DepSet_h662e1026__45.o VTestDriver___024root__DepSet_h662e1026__46.o VTestDriver___024root__DepSet_h662e1026__47.o VTestDriver___024root__DepSet_h662e1026__48.o VTestDriver___024root__DepSet_h662e1026__49.o VTestDriver___024root__DepSet_h662e1026__50.o VTestDriver___024root__DepSet_h662e1026__51.o VTestDriver___024root__DepSet_h662e1026__52.o VTestDriver___024root__DepSet_h662e1026__53.o VTestDriver___024root__DepSet_h662e1026__54.o VTestDriver___024root__DepSet_h662e1026__55.o VTestDriver___024root__DepSet_h662e1026__56.o VTestDriver___024root__DepSet_h662e1026__57.o VTestDriver___024root__DepSet_h662e1026__58.o VTestDriver___024root__DepSet_h662e1026__59.o VTestDriver___024root__DepSet_h662e1026__60.o VTestDriver___024root__DepSet_h662e1026__61.o VTestDriver___024root__DepSet_h662e1026__62.o VTestDriver___024root__DepSet_h662e1026__63.o VTestDriver___024root__DepSet_h662e1026__64.o VTestDriver___024root__DepSet_hbb6e3b65__0.o VTestDriver___024root__DepSet_hbb6e3b65__1.o VTestDriver___024root__DepSet_hbb6e3b65__2.o VTestDriver___024root__DepSet_hbb6e3b65__3.o VTestDriver___024root__DepSet_hbb6e3b65__4.o VTestDriver___024root__DepSet_hbb6e3b65__5.o VTestDriver___024root__DepSet_hbb6e3b65__6.o VTestDriver___024root__DepSet_hbb6e3b65__7.o VTestDriver___024root__DepSet_hbb6e3b65__8.o VTestDriver___024root__DepSet_hbb6e3b65__9.o VTestDriver___024root__DepSet_hbb6e3b65__10.o VTestDriver___024root__DepSet_hbb6e3b65__11.o VTestDriver___024root__DepSet_hbb6e3b65__12.o VTestDriver___024root__DepSet_hbb6e3b65__13.o VTestDriver___024root__DepSet_hbb6e3b65__14.o VTestDriver___024root__DepSet_hbb6e3b65__15.o VTestDriver___024root__DepSet_hbb6e3b65__16.o VTestDriver___024root__DepSet_hbb6e3b65__17.o VTestDriver___024root__DepSet_hbb6e3b65__18.o VTestDriver___024root__DepSet_hbb6e3b65__19.o VTestDriver___024root__DepSet_hbb6e3b65__20.o VTestDriver___024root__DepSet_hbb6e3b65__21.o VTestDriver___024root__DepSet_hbb6e3b65__22.o VTestDriver___024root__DepSet_hbb6e3b65__23.o VTestDriver___024root__DepSet_hbb6e3b65__24.o VTestDriver___024root__DepSet_hbb6e3b65__25.o VTestDriver___024root__DepSet_hbb6e3b65__26.o VTestDriver___024root__DepSet_hbb6e3b65__27.o VTestDriver___024root__DepSet_hbb6e3b65__28.o VTestDriver___024root__DepSet_hbb6e3b65__29.o VTestDriver___024root__DepSet_hbb6e3b65__30.o VTestDriver___024root__DepSet_hbb6e3b65__31.o VTestDriver___024root__DepSet_hbb6e3b65__32.o VTestDriver___024unit__DepSet_hf172cd27__0.o VTestDriver__main.o VTestDriver__Dpi.o VTestDriver__ConstPool_0.o VTestDriver__ConstPool_1.o VTestDriver__ConstPool_2.o VTestDriver___024root__Slow.o VTestDriver___024root__DepSet_h662e1026__0__Slow.o VTestDriver___024root__DepSet_hbb6e3b65__0__Slow.o VTestDriver___024root__DepSet_hbb6e3b65__1__Slow.o VTestDriver___024root__DepSet_hbb6e3b65__2__Slow.o VTestDriver___024root__DepSet_hbb6e3b65__3__Slow.o VTestDriver___024root__DepSet_hbb6e3b65__4__Slow.o VTestDriver___024root__DepSet_hbb6e3b65__5__Slow.o VTestDriver___024root__DepSet_hbb6e3b65__6__Slow.o VTestDriver___024root__DepSet_hbb6e3b65__7__Slow.o VTestDriver___024root__DepSet_hbb6e3b65__8__Slow.o VTestDriver___024root__DepSet_hbb6e3b65__9__Slow.o VTestDriver___024root__DepSet_hbb6e3b65__10__Slow.o VTestDriver___024root__DepSet_hbb6e3b65__11__Slow.o VTestDriver___024root__DepSet_hbb6e3b65__12__Slow.o VTestDriver___024root__DepSet_hbb6e3b65__13__Slow.o VTestDriver___024root__DepSet_hbb6e3b65__14__Slow.o VTestDriver___024root__DepSet_hbb6e3b65__15__Slow.o VTestDriver___024root__DepSet_hbb6e3b65__16__Slow.o VTestDriver___024root__DepSet_hbb6e3b65__17__Slow.o VTestDriver___024root__DepSet_hbb6e3b65__18__Slow.o VTestDriver___024root__DepSet_hbb6e3b65__19__Slow.o VTestDriver___024root__DepSet_hbb6e3b65__20__Slow.o VTestDriver___024root__DepSet_hbb6e3b65__21__Slow.o VTestDriver___024root__DepSet_hbb6e3b65__22__Slow.o VTestDriver___024root__DepSet_hbb6e3b65__23__Slow.o VTestDriver___024root__DepSet_hbb6e3b65__24__Slow.o VTestDriver___024root__DepSet_hbb6e3b65__25__Slow.o VTestDriver___024root__DepSet_hbb6e3b65__26__Slow.o VTestDriver___024root__DepSet_hbb6e3b65__27__Slow.o VTestDriver___024root__DepSet_hbb6e3b65__28__Slow.o VTestDriver___024root__DepSet_hbb6e3b65__29__Slow.o VTestDriver___024root__DepSet_hbb6e3b65__30__Slow.o VTestDriver___024root__DepSet_hbb6e3b65__31__Slow.o VTestDriver___024root__DepSet_hbb6e3b65__32__Slow.o VTestDriver___024root__DepSet_hbb6e3b65__33__Slow.o VTestDriver___024root__DepSet_hbb6e3b65__34__Slow.o VTestDriver___024root__DepSet_hbb6e3b65__35__Slow.o VTestDriver___024root__DepSet_hbb6e3b65__36__Slow.o VTestDriver___024root__DepSet_hbb6e3b65__37__Slow.o VTestDriver___024root__DepSet_hbb6e3b65__38__Slow.o VTestDriver___024root__DepSet_hbb6e3b65__39__Slow.o VTestDriver___024root__DepSet_hbb6e3b65__40__Slow.o VTestDriver___024root__DepSet_hbb6e3b65__41__Slow.o VTestDriver___024root__DepSet_hbb6e3b65__42__Slow.o VTestDriver___024root__DepSet_hbb6e3b65__43__Slow.o VTestDriver___024root__DepSet_hbb6e3b65__44__Slow.o VTestDriver___024root__DepSet_hbb6e3b65__45__Slow.o VTestDriver___024root__DepSet_hbb6e3b65__46__Slow.o VTestDriver___024root__DepSet_hbb6e3b65__47__Slow.o VTestDriver___024root__DepSet_hbb6e3b65__48__Slow.o VTestDriver___024root__DepSet_hbb6e3b65__49__Slow.o VTestDriver___024root__DepSet_hbb6e3b65__50__Slow.o VTestDriver___024unit__Slow.o VTestDriver___024unit__DepSet_h44496666__0__Slow.o VTestDriver__Syms.o VTestDriver__Syms__1.o
/home/chipyard_repro/chipyard/.conda-env/bin/x86_64-conda-linux-gnu-c++     SimDRAM.o SimJTAG.o SimTSI.o SimUART.o mm.o mm_dramsim2.o remote_bitbang.o testchip_htif.o testchip_tsi.o uart.o verilated.o verilated_dpi.o verilated_vpi.o verilated_timing.o verilated_threads.o VTestDriver__ALL.a   -L/home/chipyard_repro/chipyard/.conda-env/riscv-tools/lib -Wl,-rpath,/home/chipyard_repro/chipyard/.conda-env/riscv-tools/lib -L/home/chipyard_repro/chipyard/sims/verilator -L/home/chipyard_repro/chipyard/tools/DRAMSim2 -lriscv -lfesvr -ldramsim  -pthread -lpthread -latomic   -o /home/chipyard_repro/chipyard/sims/verilator/simulator-chipyard.harness-Sha3RocketConfig
rm VTestDriver__ALL.verilator_deplist.tmp
make[1]: Leaving directory '/home/chipyard_repro/chipyard/sims/verilator/generated-src/chipyard.harness.TestHarness.Sha3RocketConfig/chipyard.harness.TestHarness.Sha3RocketConfig'
if [ "/home/chipyard_repro/chipyard/generators/sha3/software/tests/bare/sha3-rocc.riscv" != "none" ] && [ ! -f "/home/chipyard_repro/chipyard/generators/sha3/software/tests/bare/sha3-rocc.riscv" ]; then printf "\n\nBinary /home/chipyard_repro/chipyard/generators/sha3/software/tests/bare/sha3-rocc.riscv not found\n\n"; exit 1; fi
(set -o pipefail &&  /home/chipyard_repro/chipyard/sims/verilator/simulator-chipyard.harness-Sha3RocketConfig +permissive +dramsim +dramsim_ini_dir=/home/chipyard_repro/chipyard/generators/testchipip/src/main/resources/dramsim2_ini +max-cycles=1000000000000000000     +verbose +permissive-off /home/chipyard_repro/chipyard/generators/sha3/software/tests/bare/sha3-rocc.riscv </dev/null 2> >(spike-dasm > /home/chipyard_repro/chipyard/sims/verilator/output/chipyard.harness.TestHarness.Sha3RocketConfig/sha3-rocc.out) | tee /home/chipyard_repro/chipyard/sims/verilator/output/chipyard.harness.TestHarness.Sha3RocketConfig/sha3-rocc.log)
[UART] UART0 is here (stdin/stdout).
Start basic test 1.
Success!
SHA execution took 206308 cycles
- /home/chipyard_repro/chipyard/sims/verilator/generated-src/chipyard.harness.TestHarness.Sha3RocketConfig/gen-collateral/TestDriver.v:158: Verilog $finish
